Di√¢metro [mm],Tempo [s]
126,14:08:01
126,14:08:01
126,14:08:02
126,14:08:02
126,14:08:02
126,14:08:02
126,14:08:02
126,14:08:02
126,14:08:02
126,14:08:03
126,14:08:03
126,14:08:03
125,14:08:03
125,14:08:03
125,14:08:03
125,14:08:03
125,14:08:03
126,14:08:04
126,14:08:04
126,14:08:04
127,14:08:04
128,14:08:04
127,14:08:04
127,14:08:05
129,14:08:05
130,14:08:05
131,14:08:05
131,14:08:05
129,14:08:05
127,14:08:05
127,14:08:05
127,14:08:06
126,14:08:06
125,14:08:06
148,14:08:06
166,14:08:06
187,14:08:07
183,14:08:07
190,14:08:07
178,14:08:07
150,14:08:07
144,14:08:08
145,14:08:08
151,14:08:08
154,14:08:08
157,14:08:08
157,14:08:08
156,14:08:09
156,14:08:09
156,14:08:09
156,14:08:09
156,14:08:09
156,14:08:09
156,14:08:09
154,14:08:10
151,14:08:10
186,14:08:10
149,14:08:10
156,14:08:10
151,14:08:10
153,14:08:11
155,14:08:11
155,14:08:11
154,14:08:11
154,14:08:11
155,14:08:11
155,14:08:12
155,14:08:12
155,14:08:12
155,14:08:12
155,14:08:12
155,14:08:13
155,14:08:13
156,14:08:13
155,14:08:13
156,14:08:13
156,14:08:14
156,14:08:14
155,14:08:14
155,14:08:14
155,14:08:14
155,14:08:15
154,14:08:15
154,14:08:15
154,14:08:15
154,14:08:15
154,14:08:15
155,14:08:16
156,14:08:16
168,14:08:16
171,14:08:17
147,14:08:17
147,14:08:17
148,14:08:17
148,14:08:17
148,14:08:17
149,14:08:18
149,14:08:18
149,14:08:18
149,14:08:18
149,14:08:18
149,14:08:18
149,14:08:19
149,14:08:19
149,14:08:19
148,14:08:19
145,14:08:19
148,14:08:19
150,14:08:20
161,14:08:20
143,14:08:20
147,14:08:20
127,14:08:20
124,14:08:21
147,14:08:21
137,14:08:21
130,14:08:21
124,14:08:21
122,14:08:21
123,14:08:21
123,14:08:22
121,14:08:22
123,14:08:22
123,14:08:22
121,14:08:22
121,14:08:22
149,14:08:22
145,14:08:23
148,14:08:23
170,14:08:23
186,14:08:23
159,14:08:23
90,14:08:23
88,14:08:24
88,14:08:24
86,14:08:24
63,14:08:24
63,14:08:24
63,14:08:24
90,14:08:24
88,14:08:24
82,14:08:25
85,14:08:25
88,14:08:25
85,14:08:25
84,14:08:25
79,14:08:25
64,14:08:26
45,14:08:26
38,14:08:26
33,14:08:26
15,14:08:26
6,14:08:26
1,14:08:26
2,14:08:26
21,14:08:26
22,14:08:26
22,14:08:26
22,14:08:26
18,14:08:27
18,14:08:27
17,14:08:27
22,14:08:27
17,14:08:27
17,14:08:27
17,14:08:27
17,14:08:27
17,14:08:27
17,14:08:27
16,14:08:27
22,14:08:27
22,14:08:27
21,14:08:27
17,14:08:27
17,14:08:27
17,14:08:27
17,14:08:27
17,14:08:27
17,14:08:27
17,14:08:27
18,14:08:27
17,14:08:27
17,14:08:27
17,14:08:27
16,14:08:27
16,14:08:27
18,14:08:27
17,14:08:28
17,14:08:28
17,14:08:28
17,14:08:28
17,14:08:28
17,14:08:28
18,14:08:28
16,14:08:28
21,14:08:28
16,14:08:28
16,14:08:28
16,14:08:28
21,14:08:28
17,14:08:28
17,14:08:28
17,14:08:28
17,14:08:28
17,14:08:28
17,14:08:28
17,14:08:28
18,14:08:28
16,14:08:28
16,14:08:28
16,14:08:28
18,14:08:28
18,14:08:28
17,14:08:28
18,14:08:28
17,14:08:28
22,14:08:28
16,14:08:29
18,14:08:29
18,14:08:29
16,14:08:29
16,14:08:29
16,14:08:29
16,14:08:29
21,14:08:29
17,14:08:29
21,14:08:29
16,14:08:29
16,14:08:29
17,14:08:29
21,14:08:29
18,14:08:29
21,14:08:29
17,14:08:29
22,14:08:29
22,14:08:29
16,14:08:29
16,14:08:29
17,14:08:29
16,14:08:29
16,14:08:29
16,14:08:29
18,14:08:29
16,14:08:29
17,14:08:29
21,14:08:30
17,14:08:30
22,14:08:30
18,14:08:30
18,14:08:30
17,14:08:30
18,14:08:30
16,14:08:30
17,14:08:30
21,14:08:30
17,14:08:30
18,14:08:30
16,14:08:30
17,14:08:30
22,14:08:30
10,14:08:30
22,14:08:30
9,14:08:30
10,14:08:30
12,14:08:30
12,14:08:30
15,14:08:30
15,14:08:30
15,14:08:30
15,14:08:31
15,14:08:31
15,14:08:31
15,14:08:31
14,14:08:31
13,14:08:31
12,14:08:31
10,14:08:31
10,14:08:31
13,14:08:31
15,14:08:31
16,14:08:31
28,14:08:31
33,14:08:31
36,14:08:31
39,14:08:31
41,14:08:31
71,14:08:31
105,14:08:32
124,14:08:32
143,14:08:32
154,14:08:32
152,14:08:32
152,14:08:33
152,14:08:33
153,14:08:33
153,14:08:33
153,14:08:33
154,14:08:34
153,14:08:34
154,14:08:34
153,14:08:34
152,14:08:35
148,14:08:35
144,14:08:35
150,14:08:36
105,14:08:36
10,14:08:36
36,14:08:36
12,14:08:36
2,14:08:36
2,14:08:36
18,14:08:36
17,14:08:36
17,14:08:36
18,14:08:37
18,14:08:37
17,14:08:37
17,14:08:37
19,14:08:37
18,14:08:37
17,14:08:37
17,14:08:37
18,14:08:37
18,14:08:37
16,14:08:37
17,14:08:37
18,14:08:37
17,14:08:37
19,14:08:37
17,14:08:37
16,14:08:37
18,14:08:37
18,14:08:37
18,14:08:37
17,14:08:37
18,14:08:37
18,14:08:37
18,14:08:37
17,14:08:37
17,14:08:37
18,14:08:37
16,14:08:37
17,14:08:38
17,14:08:38
17,14:08:38
11,14:08:38
14,14:08:38
15,14:08:38
17,14:08:38
19,14:08:38
24,14:08:38
36,14:08:38
36,14:08:38
42,14:08:38
52,14:08:38
54,14:08:38
65,14:08:38
58,14:08:39
55,14:08:39
51,14:08:39
54,14:08:39
64,14:08:39
70,14:08:39
64,14:08:39
55,14:08:39
49,14:08:39
63,14:08:40
31,14:08:40
40,14:08:40
15,14:08:40
12,14:08:40
18,14:08:40
4,14:08:40
3,14:08:40
1,14:08:40
1,14:08:40
22,14:08:40
17,14:08:40
16,14:08:40
22,14:08:40
24,14:08:40
22,14:08:40
22,14:08:40
22,14:08:40
1,14:08:41
21,14:08:41
22,14:08:41
22,14:08:41
21,14:08:41
21,14:08:41
21,14:08:41
21,14:08:41
21,14:08:41
21,14:08:41
21,14:08:41
21,14:08:41
21,14:08:41
21,14:08:41
13,14:08:41
7,14:08:41
31,14:08:41
9,14:08:41
43,14:08:41
46,14:08:41
46,14:08:41
46,14:08:41
47,14:08:42
49,14:08:42
93,14:08:42
91,14:08:42
84,14:08:42
76,14:08:42
85,14:08:43
89,14:08:43
64,14:08:43
60,14:08:43
35,14:08:43
9,14:08:43
3,14:08:43
20,14:08:43
19,14:08:43
19,14:08:43
19,14:08:43
19,14:08:43
21,14:08:43
21,14:08:43
22,14:08:44
19,14:08:44
22,14:08:44
21,14:08:44
21,14:08:44
21,14:08:44
22,14:08:44
21,14:08:44
21,14:08:44
22,14:08:44
22,14:08:44
21,14:08:44
19,14:08:44
19,14:08:44
22,14:08:44
21,14:08:44
19,14:08:44
22,14:08:44
21,14:08:44
21,14:08:44
21,14:08:44
18,14:08:44
17,14:08:44
17,14:08:44
17,14:08:44
17,14:08:45
21,14:08:45
17,14:08:45
22,14:08:45
21,14:08:45
21,14:08:45
21,14:08:45
21,14:08:45
21,14:08:45
22,14:08:45
22,14:08:45
21,14:08:45
21,14:08:45
20,14:08:45
21,14:08:45
19,14:08:45
19,14:08:45
18,14:08:45
18,14:08:45
18,14:08:45
18,14:08:45
18,14:08:45
19,14:08:45
19,14:08:45
18,14:08:45
17,14:08:45
18,14:08:45
18,14:08:46
17,14:08:46
17,14:08:46
18,14:08:46
18,14:08:46
19,14:08:46
18,14:08:46
18,14:08:46
18,14:08:46
19,14:08:46
19,14:08:46
19,14:08:46
21,14:08:46
20,14:08:46
21,14:08:46
20,14:08:46
20,14:08:46
18,14:08:46
21,14:08:46
21,14:08:46
20,14:08:46
20,14:08:46
18,14:08:46
18,14:08:46
19,14:08:46
18,14:08:46
19,14:08:46
22,14:08:47
17,14:08:47
21,14:08:47
21,14:08:47
19,14:08:47
21,14:08:47
21,14:08:47
17,14:08:47
22,14:08:47
22,14:08:47
22,14:08:47
22,14:08:47
22,14:08:47
22,14:08:47
22,14:08:47
22,14:08:47
22,14:08:47
19,14:08:47
21,14:08:47
22,14:08:47
21,14:08:47
21,14:08:47
21,14:08:47
22,14:08:47
22,14:08:47
21,14:08:47
21,14:08:47
21,14:08:47
21,14:08:48
21,14:08:48
21,14:08:48
21,14:08:48
21,14:08:48
22,14:08:48
21,14:08:48
22,14:08:48
22,14:08:48
21,14:08:48
21,14:08:48
21,14:08:48
21,14:08:48
22,14:08:48
22,14:08:48
22,14:08:48
21,14:08:48
22,14:08:48
22,14:08:48
22,14:08:48
22,14:08:48
22,14:08:48
22,14:08:48
22,14:08:48
22,14:08:48
22,14:08:48
22,14:08:48
22,14:08:49
22,14:08:49
22,14:08:49
22,14:08:49
22,14:08:49
22,14:08:49
20,14:08:49
22,14:08:49
22,14:08:49
22,14:08:49
22,14:08:49
21,14:08:49
22,14:08:49
21,14:08:49
22,14:08:49
22,14:08:49
22,14:08:49
21,14:08:49
21,14:08:49
17,14:08:49
21,14:08:49
21,14:08:49
19,14:08:49
19,14:08:49
18,14:08:49
21,14:08:49
19,14:08:49
20,14:08:50
21,14:08:50
21,14:08:50
20,14:08:50
20,14:08:50
21,14:08:50
19,14:08:50
20,14:08:50
21,14:08:50
20,14:08:50
18,14:08:50
18,14:08:50
21,14:08:50
18,14:08:50
17,14:08:50
20,14:08:50
18,14:08:50
20,14:08:50
17,14:08:50
18,14:08:50
20,14:08:50
17,14:08:50
17,14:08:50
18,14:08:50
21,14:08:50
21,14:08:50
23,14:08:50
19,14:08:51
18,14:08:51
17,14:08:51
19,14:08:51
21,14:08:51
18,14:08:51
21,14:08:51
21,14:08:51
21,14:08:51
21,14:08:51
21,14:08:51
22,14:08:51
22,14:08:51
21,14:08:51
22,14:08:51
22,14:08:51
22,14:08:51
22,14:08:51
21,14:08:51
22,14:08:51
22,14:08:51
21,14:08:51
22,14:08:51
21,14:08:51
22,14:08:51
22,14:08:51
22,14:08:51
22,14:08:52
16,14:08:52
21,14:08:52
15,14:08:52
15,14:08:52
16,14:08:52
21,14:08:52
15,14:08:52
15,14:08:52
22,14:08:52
16,14:08:52
21,14:08:52
22,14:08:52
16,14:08:52
16,14:08:52
21,14:08:52
21,14:08:52
22,14:08:52
22,14:08:52
22,14:08:52
16,14:08:52
15,14:08:52
16,14:08:52
15,14:08:52
15,14:08:52
15,14:08:52
21,14:08:52
16,14:08:53
16,14:08:53
15,14:08:53
15,14:08:53
21,14:08:53
21,14:08:53
22,14:08:53
22,14:08:53
22,14:08:53
22,14:08:53
22,14:08:53
22,14:08:53
22,14:08:53
22,14:08:53
22,14:08:53
22,14:08:53
22,14:08:53
18,14:08:53
22,14:08:53
18,14:08:53
22,14:08:53
18,14:08:53
22,14:08:53
22,14:08:53
22,14:08:53
21,14:08:53
21,14:08:54
17,14:08:54
18,14:08:54
22,14:08:54
22,14:08:54
18,14:08:54
18,14:08:54
22,14:08:54
17,14:08:54
17,14:08:54
22,14:08:54
17,14:08:54
19,14:08:54
17,14:08:54
17,14:08:54
17,14:08:54
18,14:08:54
17,14:08:54
18,14:08:54
17,14:08:54
17,14:08:54
18,14:08:54
17,14:08:54
17,14:08:54
19,14:08:54
18,14:08:54
21,14:08:54
20,14:08:55
17,14:08:55
18,14:08:55
20,14:08:55
18,14:08:55
19,14:08:55
19,14:08:55
19,14:08:55
19,14:08:55
18,14:08:55
18,14:08:55
19,14:08:55
19,14:08:55
20,14:08:55
18,14:08:55
19,14:08:55
21,14:08:55
19,14:08:55
20,14:08:55
19,14:08:55
18,14:08:55
20,14:08:55
19,14:08:55
18,14:08:55
19,14:08:55
18,14:08:55
18,14:08:56
18,14:08:56
18,14:08:56
18,14:08:56
22,14:08:56
18,14:08:56
22,14:08:56
18,14:08:56
18,14:08:56
22,14:08:56
18,14:08:56
18,14:08:56
21,14:08:56
18,14:08:56
18,14:08:56
19,14:08:56
19,14:08:56
18,14:08:56
17,14:08:56
22,14:08:56
18,14:08:56
19,14:08:56
20,14:08:56
18,14:08:56
18,14:08:56
18,14:08:56
22,14:08:56
22,14:08:56
22,14:08:57
22,14:08:57
22,14:08:57
22,14:08:57
22,14:08:57
18,14:08:57
22,14:08:57
22,14:08:57
22,14:08:57
21,14:08:57
18,14:08:57
22,14:08:57
22,14:08:57
22,14:08:57
22,14:08:57
22,14:08:57
22,14:08:57
18,14:08:57
22,14:08:57
19,14:08:57
18,14:08:57
22,14:08:57
22,14:08:57
18,14:08:57
19,14:08:57
21,14:08:57
21,14:08:58
18,14:08:58
18,14:08:58
20,14:08:58
19,14:08:58
18,14:08:58
19,14:08:58
19,14:08:58
19,14:08:58
17,14:08:58
18,14:08:58
19,14:08:58
18,14:08:58
18,14:08:58
19,14:08:58
18,14:08:58
19,14:08:58
18,14:08:58
18,14:08:58
19,14:08:58
18,14:08:58
18,14:08:58
18,14:08:58
18,14:08:58
22,14:08:58
18,14:08:58
22,14:08:58
18,14:08:59
22,14:08:59
22,14:08:59
22,14:08:59
22,14:08:59
22,14:08:59
22,14:08:59
22,14:08:59
22,14:08:59
22,14:08:59
22,14:08:59
22,14:08:59
22,14:08:59
22,14:08:59
22,14:08:59
22,14:08:59
21,14:08:59
22,14:08:59
22,14:08:59
22,14:08:59
21,14:08:59
22,14:08:59
21,14:08:59
22,14:08:59
22,14:08:59
22,14:08:59
22,14:08:59
21,14:09:00
22,14:09:00
22,14:09:00
22,14:09:00
22,14:09:00
22,14:09:00
22,14:09:00
21,14:09:00
22,14:09:00
22,14:09:00
22,14:09:00
22,14:09:00
22,14:09:00
22,14:09:00
21,14:09:00
22,14:09:00
22,14:09:00
21,14:09:00
22,14:09:00
22,14:09:00
22,14:09:00
22,14:09:00
22,14:09:00
22,14:09:00
22,14:09:00
22,14:09:00
22,14:09:01
22,14:09:01
21,14:09:01
22,14:09:01
22,14:09:01
22,14:09:01
22,14:09:01
22,14:09:01
22,14:09:01
22,14:09:01
22,14:09:01
22,14:09:01
22,14:09:01
22,14:09:01
21,14:09:01
22,14:09:01
22,14:09:01
22,14:09:01
22,14:09:01
22,14:09:01
22,14:09:01
22,14:09:01
22,14:09:01
22,14:09:01
22,14:09:01
22,14:09:01
22,14:09:02
22,14:09:02
22,14:09:02
22,14:09:02
22,14:09:02
22,14:09:02
22,14:09:02
22,14:09:02
22,14:09:02
21,14:09:02
22,14:09:02
22,14:09:02
22,14:09:02
22,14:09:02
22,14:09:02
22,14:09:02
22,14:09:02
22,14:09:02
22,14:09:02
19,14:09:02
18,14:09:02
19,14:09:02
22,14:09:02
22,14:09:02
19,14:09:02
19,14:09:02
22,14:09:02
21,14:09:03
22,14:09:03
21,14:09:03
18,14:09:03
19,14:09:03
19,14:09:03
22,14:09:03
22,14:09:03
22,14:09:03
22,14:09:03
22,14:09:03
21,14:09:03
22,14:09:03
22,14:09:03
21,14:09:03
21,14:09:03
21,14:09:03
21,14:09:03
21,14:09:03
20,14:09:03
22,14:09:03
21,14:09:03
21,14:09:03
22,14:09:03
22,14:09:03
22,14:09:03
22,14:09:04
22,14:09:04
22,14:09:04
22,14:09:04
22,14:09:04
22,14:09:04
22,14:09:04
22,14:09:04
21,14:09:04
21,14:09:04
21,14:09:04
22,14:09:04
21,14:09:04
21,14:09:04
22,14:09:04
22,14:09:04
22,14:09:04
21,14:09:04
21,14:09:04
21,14:09:04
21,14:09:04
21,14:09:04
21,14:09:04
21,14:09:04
22,14:09:04
21,14:09:05
21,14:09:05
22,14:09:05
21,14:09:05
22,14:09:05
22,14:09:05
21,14:09:05
22,14:09:05
22,14:09:05
22,14:09:05
21,14:09:05
22,14:09:05
22,14:09:05
22,14:09:05
22,14:09:05
22,14:09:05
22,14:09:05
22,14:09:05
22,14:09:05
21,14:09:05
22,14:09:05
22,14:09:05
22,14:09:05
22,14:09:05
22,14:09:05
21,14:09:05
21,14:09:05
21,14:09:06
22,14:09:06
21,14:09:06
21,14:09:06
21,14:09:06
21,14:09:06
22,14:09:06
21,14:09:06
21,14:09:06
21,14:09:06
21,14:09:06
21,14:09:06
21,14:09:06
21,14:09:06
21,14:09:06
21,14:09:06
21,14:09:06
22,14:09:06
22,14:09:06
22,14:09:06
22,14:09:06
22,14:09:06
22,14:09:06
21,14:09:06
22,14:09:06
21,14:09:06
21,14:09:07
22,14:09:07
22,14:09:07
21,14:09:07
21,14:09:07
21,14:09:07
21,14:09:07
21,14:09:07
21,14:09:07
21,14:09:07
22,14:09:07
21,14:09:07
21,14:09:07
21,14:09:07
21,14:09:07
21,14:09:07
21,14:09:07
21,14:09:07
21,14:09:07
21,14:09:07
21,14:09:07
21,14:09:07
21,14:09:07
21,14:09:07
21,14:09:07
21,14:09:07
21,14:09:07
21,14:09:08
21,14:09:08
21,14:09:08
21,14:09:08
21,14:09:08
21,14:09:08
21,14:09:08
21,14:09:08
21,14:09:08
21,14:09:08
21,14:09:08
21,14:09:08
21,14:09:08
21,14:09:08
21,14:09:08
21,14:09:08
21,14:09:08
21,14:09:08
21,14:09:08
21,14:09:08
21,14:09:08
21,14:09:08
21,14:09:08
21,14:09:08
21,14:09:08
21,14:09:08
21,14:09:08
21,14:09:09
21,14:09:09
21,14:09:09
21,14:09:09
21,14:09:09
21,14:09:09
21,14:09:09
21,14:09:09
21,14:09:09
21,14:09:09
21,14:09:09
21,14:09:09
21,14:09:09
21,14:09:09
21,14:09:09
21,14:09:09
21,14:09:09
21,14:09:09
22,14:09:09
22,14:09:09
21,14:09:09
22,14:09:09
22,14:09:09
22,14:09:09
22,14:09:09
22,14:09:09
22,14:09:09
21,14:09:10
22,14:09:10
22,14:09:10
22,14:09:10
21,14:09:10
21,14:09:10
21,14:09:10
21,14:09:10
21,14:09:10
21,14:09:10
21,14:09:10
21,14:09:10
21,14:09:10
21,14:09:10
21,14:09:10
21,14:09:10
21,14:09:10
21,14:09:10
21,14:09:10
21,14:09:10
21,14:09:10
21,14:09:10
21,14:09:10
21,14:09:10
22,14:09:10
22,14:09:11
22,14:09:11
22,14:09:11
21,14:09:11
21,14:09:11
21,14:09:11
22,14:09:11
21,14:09:11
22,14:09:11
22,14:09:11
22,14:09:11
22,14:09:11
22,14:09:11
22,14:09:11
21,14:09:11
22,14:09:11
22,14:09:11
21,14:09:11
19,14:09:11
19,14:09:11
21,14:09:11
19,14:09:11
22,14:09:11
23,14:09:11
22,14:09:11
24,14:09:11
25,14:09:12
24,14:09:12
24,14:09:12
19,14:09:12
19,14:09:12
19,14:09:12
19,14:09:12
25,14:09:12
19,14:09:12
19,14:09:12
19,14:09:12
19,14:09:12
19,14:09:12
19,14:09:12
18,14:09:12
19,14:09:12
19,14:09:12
19,14:09:12
18,14:09:12
19,14:09:12
19,14:09:12
18,14:09:12
18,14:09:12
18,14:09:12
19,14:09:12
19,14:09:13
18,14:09:13
19,14:09:13
17,14:09:13
19,14:09:13
19,14:09:13
19,14:09:13
18,14:09:13
19,14:09:13
16,14:09:13
18,14:09:13
18,14:09:13
21,14:09:13
18,14:09:13
19,14:09:13
18,14:09:13
19,14:09:13
21,14:09:13
21,14:09:13
19,14:09:13
21,14:09:13
19,14:09:13
21,14:09:13
18,14:09:13
19,14:09:13
21,14:09:13
17,14:09:13
19,14:09:14
21,14:09:14
19,14:09:14
18,14:09:14
19,14:09:14
19,14:09:14
18,14:09:14
20,14:09:14
16,14:09:14
19,14:09:14
18,14:09:14
19,14:09:14
19,14:09:14
18,14:09:14
21,14:09:14
19,14:09:14
21,14:09:14
19,14:09:14
21,14:09:14
19,14:09:14
21,14:09:14
21,14:09:14
21,14:09:14
19,14:09:14
19,14:09:14
19,14:09:14
21,14:09:14
18,14:09:15
19,14:09:15
19,14:09:15
19,14:09:15
21,14:09:15
21,14:09:15
21,14:09:15
19,14:09:15
21,14:09:15
19,14:09:15
21,14:09:15
21,14:09:15
19,14:09:15
21,14:09:15
19,14:09:15
21,14:09:15
21,14:09:15
21,14:09:15
21,14:09:15
21,14:09:15
21,14:09:15
21,14:09:15
21,14:09:15
19,14:09:15
19,14:09:15
19,14:09:16
21,14:09:16
19,14:09:16
21,14:09:16
21,14:09:16
19,14:09:16
19,14:09:16
21,14:09:16
19,14:09:16
19,14:09:16
21,14:09:16
19,14:09:16
19,14:09:16
21,14:09:16
21,14:09:16
19,14:09:16
19,14:09:16
18,14:09:16
19,14:09:16
21,14:09:16
18,14:09:16
19,14:09:16
18,14:09:16
18,14:09:16
18,14:09:16
18,14:09:16
17,14:09:17
18,14:09:17
18,14:09:17
18,14:09:17
17,14:09:17
17,14:09:17
18,14:09:17
18,14:09:17
19,14:09:17
19,14:09:17
18,14:09:17
18,14:09:17
19,14:09:17
19,14:09:17
18,14:09:17
18,14:09:17
17,14:09:17
19,14:09:17
19,14:09:17
17,14:09:17
18,14:09:17
18,14:09:17
18,14:09:17
18,14:09:17
18,14:09:17
17,14:09:17
18,14:09:18
19,14:09:18
17,14:09:18
17,14:09:18
17,14:09:18
17,14:09:18
18,14:09:18
18,14:09:18
18,14:09:18
17,14:09:18
17,14:09:18
17,14:09:18
17,14:09:18
16,14:09:18
16,14:09:18
16,14:09:18
18,14:09:18
18,14:09:18
20,14:09:18
18,14:09:18
16,14:09:18
16,14:09:18
15,14:09:18
16,14:09:18
16,14:09:18
15,14:09:18
15,14:09:18
15,14:09:18
15,14:09:19
15,14:09:19
15,14:09:19
16,14:09:19
15,14:09:19
15,14:09:19
15,14:09:19
16,14:09:19
15,14:09:19
15,14:09:19
16,14:09:19
16,14:09:19
16,14:09:19
15,14:09:19
15,14:09:19
16,14:09:19
16,14:09:19
16,14:09:19
16,14:09:19
16,14:09:19
16,14:09:19
16,14:09:19
16,14:09:19
16,14:09:19
16,14:09:19
16,14:09:19
16,14:09:20
16,14:09:20
16,14:09:20
16,14:09:20
16,14:09:20
15,14:09:20
15,14:09:20
16,14:09:20
15,14:09:20
16,14:09:20
15,14:09:20
15,14:09:20
15,14:09:20
15,14:09:20
16,14:09:20
16,14:09:20
16,14:09:20
16,14:09:20
16,14:09:20
16,14:09:20
16,14:09:20
16,14:09:20
17,14:09:21
16,14:09:21
16,14:09:21
18,14:09:21
18,14:09:21
16,14:09:21
16,14:09:21
16,14:09:21
16,14:09:21
17,14:09:21
18,14:09:21
16,14:09:21
22,14:09:21
17,14:09:21
16,14:09:21
16,14:09:21
18,14:09:21
18,14:09:21
18,14:09:21
22,14:09:21
19,14:09:21
18,14:09:21
17,14:09:21
17,14:09:22
18,14:09:22
19,14:09:22
22,14:09:22
18,14:09:22
19,14:09:22
17,14:09:22
18,14:09:22
22,14:09:22
19,14:09:22
19,14:09:22
21,14:09:22
22,14:09:22
19,14:09:22
18,14:09:22
18,14:09:22
22,14:09:22
22,14:09:22
19,14:09:22
19,14:09:22
22,14:09:22
19,14:09:22
19,14:09:22
18,14:09:22
19,14:09:22
22,14:09:22
19,14:09:23
19,14:09:23
22,14:09:23
22,14:09:23
24,14:09:23
18,14:09:23
19,14:09:23
22,14:09:23
22,14:09:23
18,14:09:23
18,14:09:23
17,14:09:23
19,14:09:23
18,14:09:23
18,14:09:23
16,14:09:23
16,14:09:23
17,14:09:23
16,14:09:23
15,14:09:23
17,14:09:23
15,14:09:23
18,14:09:23
16,14:09:23
16,14:09:23
16,14:09:23
16,14:09:23
16,14:09:23
15,14:09:24
16,14:09:24
16,14:09:24
16,14:09:24
16,14:09:24
16,14:09:24
16,14:09:24
16,14:09:24
16,14:09:24
16,14:09:24
15,14:09:24
16,14:09:24
16,14:09:24
16,14:09:24
15,14:09:24
16,14:09:24
15,14:09:24
15,14:09:24
16,14:09:24
16,14:09:24
15,14:09:24
16,14:09:24
16,14:09:24
16,14:09:24
16,14:09:24
16,14:09:24
16,14:09:25
16,14:09:25
16,14:09:25
16,14:09:25
16,14:09:25
16,14:09:25
16,14:09:25
15,14:09:25
16,14:09:25
15,14:09:25
16,14:09:25
16,14:09:25
16,14:09:25
15,14:09:25
16,14:09:25
15,14:09:25
15,14:09:25
16,14:09:25
16,14:09:25
18,14:09:25
16,14:09:25
16,14:09:25
16,14:09:25
16,14:09:25
16,14:09:25
16,14:09:25
16,14:09:26
16,14:09:26
16,14:09:26
16,14:09:26
16,14:09:26
16,14:09:26
16,14:09:26
16,14:09:26
16,14:09:26
16,14:09:26
16,14:09:26
16,14:09:26
16,14:09:26
16,14:09:26
18,14:09:26
17,14:09:26
16,14:09:26
16,14:09:26
16,14:09:26
15,14:09:26
17,14:09:26
17,14:09:26
17,14:09:26
19,14:09:26
19,14:09:26
21,14:09:26
21,14:09:26
19,14:09:27
19,14:09:27
20,14:09:27
20,14:09:27
19,14:09:27
20,14:09:27
21,14:09:27
19,14:09:27
20,14:09:27
21,14:09:27
21,14:09:27
21,14:09:27
22,14:09:27
21,14:09:27
22,14:09:27
22,14:09:27
18,14:09:27
18,14:09:27
18,14:09:27
22,14:09:27
16,14:09:27
17,14:09:27
17,14:09:27
20,14:09:27
21,14:09:27
18,14:09:28
18,14:09:28
18,14:09:28
18,14:09:28
18,14:09:28
18,14:09:28
16,14:09:28
16,14:09:28
16,14:09:28
16,14:09:28
16,14:09:28
16,14:09:28
16,14:09:28
16,14:09:28
16,14:09:28
16,14:09:28
16,14:09:28
16,14:09:28
16,14:09:28
15,14:09:28
16,14:09:28
16,14:09:28
16,14:09:28
15,14:09:28
16,14:09:28
15,14:09:28
16,14:09:28
16,14:09:29
15,14:09:29
15,14:09:29
15,14:09:29
15,14:09:29
15,14:09:29
17,14:09:29
15,14:09:29
16,14:09:29
16,14:09:29
18,14:09:29
16,14:09:29
16,14:09:29
16,14:09:29
18,14:09:29
18,14:09:29
16,14:09:29
16,14:09:29
16,14:09:29
16,14:09:29
16,14:09:29
16,14:09:29
15,14:09:29
15,14:09:29
16,14:09:29
15,14:09:30
15,14:09:30
15,14:09:30
16,14:09:30
15,14:09:30
18,14:09:30
16,14:09:30
15,14:09:30
16,14:09:30
15,14:09:30
15,14:09:30
16,14:09:30
15,14:09:30
15,14:09:30
15,14:09:30
15,14:09:30
15,14:09:30
15,14:09:30
16,14:09:30
16,14:09:30
16,14:09:30
16,14:09:30
16,14:09:30
19,14:09:30
19,14:09:30
21,14:09:30
19,14:09:30
21,14:09:30
21,14:09:31
21,14:09:31
21,14:09:31
22,14:09:31
22,14:09:31
22,14:09:31
22,14:09:31
22,14:09:31
22,14:09:31
22,14:09:31
22,14:09:31
22,14:09:31
22,14:09:31
23,14:09:31
23,14:09:31
23,14:09:31
23,14:09:31
23,14:09:31
22,14:09:31
23,14:09:31
23,14:09:31
23,14:09:31
23,14:09:31
23,14:09:31
23,14:09:31
23,14:09:32
22,14:09:32
24,14:09:32
22,14:09:32
23,14:09:32
22,14:09:32
22,14:09:32
22,14:09:32
15,14:09:32
22,14:09:32
24,14:09:32
24,14:09:32
21,14:09:32
22,14:09:32
16,14:09:32
24,14:09:32
16,14:09:32
24,14:09:32
16,14:09:32
24,14:09:32
23,14:09:32
24,14:09:32
19,14:09:32
24,14:09:32
22,14:09:32
22,14:09:32
19,14:09:33
19,14:09:33
19,14:09:33
22,14:09:33
22,14:09:33
18,14:09:33
21,14:09:33
22,14:09:33
22,14:09:33
17,14:09:33
16,14:09:33
22,14:09:33
22,14:09:33
24,14:09:33
24,14:09:33
17,14:09:33
22,14:09:33
22,14:09:33
22,14:09:33
22,14:09:33
16,14:09:33
22,14:09:33
16,14:09:33
24,14:09:33
16,14:09:33
22,14:09:34
22,14:09:34
22,14:09:34
17,14:09:34
22,14:09:34
22,14:09:34
16,14:09:34
24,14:09:34
17,14:09:34
21,14:09:34
16,14:09:34
22,14:09:34
22,14:09:34
24,14:09:34
22,14:09:34
15,14:09:34
24,14:09:34
23,14:09:34
24,14:09:34
16,14:09:34
24,14:09:34
22,14:09:34
18,14:09:34
16,14:09:34
21,14:09:34
22,14:09:35
17,14:09:35
24,14:09:35
22,14:09:35
16,14:09:35
22,14:09:35
22,14:09:35
24,14:09:35
22,14:09:35
18,14:09:35
18,14:09:35
19,14:09:35
16,14:09:35
17,14:09:35
22,14:09:35
21,14:09:35
24,14:09:35
22,14:09:35
18,14:09:35
16,14:09:35
22,14:09:35
23,14:09:35
21,14:09:35
22,14:09:35
22,14:09:35
22,14:09:35
21,14:09:36
21,14:09:36
21,14:09:36
20,14:09:36
20,14:09:36
20,14:09:36
20,14:09:36
18,14:09:36
21,14:09:36
23,14:09:36
23,14:09:36
22,14:09:36
21,14:09:36
21,14:09:36
17,14:09:36
19,14:09:36
18,14:09:36
15,14:09:36
17,14:09:36
15,14:09:36
15,14:09:36
13,14:09:36
14,14:09:36
14,14:09:36
15,14:09:36
15,14:09:37
15,14:09:37
16,14:09:37
16,14:09:37
17,14:09:37
17,14:09:37
17,14:09:37
15,14:09:37
15,14:09:37
16,14:09:37
16,14:09:37
12,14:09:37
15,14:09:37
11,14:09:37
11,14:09:37
11,14:09:37
11,14:09:37
24,14:09:37
12,14:09:37
24,14:09:37
24,14:09:37
12,14:09:37
12,14:09:37
12,14:09:37
12,14:09:37
14,14:09:38
13,14:09:38
13,14:09:38
16,14:09:38
14,14:09:38
13,14:09:38
12,14:09:38
16,14:09:38
16,14:09:38
12,14:09:38
16,14:09:38
15,14:09:38
15,14:09:38
17,14:09:38
17,14:09:38
16,14:09:38
17,14:09:38
16,14:09:38
17,14:09:38
13,14:09:38
13,14:09:38
16,14:09:38
15,14:09:38
16,14:09:38
13,14:09:38
12,14:09:38
16,14:09:38
16,14:09:39
16,14:09:39
16,14:09:39
13,14:09:39
17,14:09:39
13,14:09:39
13,14:09:39
12,14:09:39
16,14:09:39
13,14:09:39
15,14:09:39
14,14:09:39
12,14:09:39
16,14:09:39
16,14:09:39
16,14:09:39
12,14:09:39
12,14:09:39
16,14:09:39
16,14:09:39
13,14:09:39
13,14:09:39
16,14:09:39
16,14:09:39
12,14:09:39
15,14:09:39
16,14:09:40
15,14:09:40
12,14:09:40
13,14:09:40
12,14:09:40
12,14:09:40
12,14:09:40
14,14:09:40
12,14:09:40
13,14:09:40
14,14:09:40
13,14:09:40
13,14:09:40
12,14:09:40
12,14:09:40
12,14:09:40
12,14:09:40
12,14:09:40
13,14:09:40
13,14:09:40
13,14:09:40
12,14:09:40
14,14:09:40
12,14:09:40
13,14:09:40
13,14:09:40
15,14:09:41
19,14:09:41
13,14:09:41
12,14:09:41
12,14:09:41
13,14:09:41
13,14:09:41
16,14:09:41
12,14:09:41
12,14:09:41
12,14:09:41
14,14:09:41
13,14:09:41
13,14:09:41
12,14:09:41
13,14:09:41
13,14:09:41
13,14:09:41
13,14:09:41
14,14:09:41
13,14:09:41
12,14:09:41
13,14:09:41
13,14:09:41
12,14:09:41
14,14:09:42
13,14:09:42
14,14:09:42
13,14:09:42
12,14:09:42
13,14:09:42
13,14:09:42
15,14:09:42
13,14:09:42
15,14:09:42
13,14:09:42
14,14:09:42
13,14:09:42
12,14:09:42
13,14:09:42
12,14:09:42
12,14:09:42
12,14:09:42
13,14:09:42
14,14:09:42
15,14:09:42
14,14:09:42
13,14:09:42
15,14:09:42
13,14:09:42
13,14:09:42
15,14:09:42
15,14:09:43
14,14:09:43
15,14:09:43
13,14:09:43
13,14:09:43
16,14:09:43
15,14:09:43
14,14:09:43
15,14:09:43
14,14:09:43
15,14:09:43
12,14:09:43
15,14:09:43
16,14:09:43
16,14:09:43
15,14:09:43
15,14:09:43
16,14:09:43
15,14:09:43
15,14:09:43
16,14:09:43
15,14:09:43
12,14:09:43
15,14:09:43
13,14:09:43
15,14:09:44
15,14:09:44
15,14:09:44
15,14:09:44
16,14:09:44
16,14:09:44
16,14:09:44
16,14:09:44
15,14:09:44
15,14:09:44
16,14:09:44
15,14:09:44
16,14:09:44
15,14:09:44
16,14:09:44
16,14:09:44
16,14:09:44
15,14:09:44
16,14:09:44
16,14:09:44
15,14:09:44
16,14:09:44
15,14:09:44
15,14:09:44
15,14:09:44
16,14:09:44
15,14:09:45
16,14:09:45
13,14:09:45
13,14:09:45
16,14:09:45
16,14:09:45
15,14:09:45
16,14:09:45
14,14:09:45
15,14:09:45
13,14:09:45
16,14:09:45
15,14:09:45
16,14:09:45
16,14:09:45
14,14:09:45
16,14:09:45
13,14:09:45
12,14:09:45
12,14:09:45
13,14:09:45
13,14:09:45
13,14:09:45
13,14:09:45
14,14:09:45
16,14:09:45
15,14:09:45
16,14:09:46
15,14:09:46
14,14:09:46
16,14:09:46
14,14:09:46
14,14:09:46
14,14:09:46
14,14:09:46
14,14:09:46
15,14:09:46
16,14:09:46
13,14:09:46
11,14:09:46
13,14:09:46
15,14:09:46
15,14:09:46
13,14:09:46
13,14:09:46
13,14:09:46
12,14:09:46
13,14:09:46
13,14:09:46
12,14:09:46
12,14:09:46
14,14:09:46
14,14:09:46
14,14:09:47
12,14:09:47
13,14:09:47
13,14:09:47
13,14:09:47
13,14:09:47
13,14:09:47
13,14:09:47
13,14:09:47
13,14:09:47
13,14:09:47
13,14:09:47
12,14:09:47
12,14:09:47
15,14:09:47
16,14:09:47
14,14:09:47
15,14:09:47
15,14:09:47
13,14:09:47
26,14:09:47
22,14:09:47
14,14:09:47
18,14:09:47
13,14:09:47
16,14:09:47
15,14:09:48
15,14:09:48
15,14:09:48
16,14:09:48
15,14:09:48
18,14:09:48
15,14:09:48
18,14:09:48
16,14:09:48
18,14:09:48
18,14:09:48
16,14:09:48
18,14:09:48
18,14:09:48
18,14:09:48
17,14:09:48
16,14:09:48
16,14:09:48
16,14:09:48
17,14:09:48
18,14:09:48
17,14:09:48
17,14:09:48
18,14:09:48
17,14:09:48
16,14:09:48
18,14:09:49
18,14:09:49
15,14:09:49
18,14:09:49
18,14:09:49
16,14:09:49
15,14:09:49
17,14:09:49
18,14:09:49
17,14:09:49
18,14:09:49
14,14:09:49
13,14:09:49
18,14:09:49
13,14:09:49
12,14:09:49
26,14:09:49
17,14:09:49
16,14:09:49
17,14:09:49
17,14:09:49
13,14:09:49
12,14:09:49
18,14:09:49
16,14:09:49
24,14:09:49
15,14:09:49
16,14:09:50
16,14:09:50
14,14:09:50
15,14:09:50
19,14:09:50
18,14:09:50
19,14:09:50
21,14:09:50
14,14:09:50
18,14:09:50
19,14:09:50
18,14:09:50
19,14:09:50
18,14:09:50
19,14:09:50
18,14:09:50
19,14:09:50
19,14:09:50
18,14:09:50
20,14:09:50
19,14:09:50
21,14:09:50
21,14:09:50
25,14:09:51
22,14:09:51
22,14:09:51
22,14:09:51
23,14:09:51
22,14:09:51
23,14:09:51
23,14:09:51
24,14:09:51
24,14:09:51
24,14:09:51
24,14:09:51
14,14:09:51
14,14:09:51
17,14:09:51
19,14:09:51
18,14:09:51
14,14:09:51
14,14:09:51
23,14:09:51
14,14:09:51
14,14:09:51
25,14:09:52
14,14:09:52
18,14:09:52
21,14:09:52
15,14:09:52
15,14:09:52
16,14:09:52
17,14:09:52
16,14:09:52
16,14:09:52
16,14:09:52
17,14:09:52
15,14:09:52
16,14:09:52
16,14:09:52
16,14:09:52
16,14:09:52
18,14:09:52
16,14:09:52
17,14:09:52
15,14:09:52
14,14:09:52
18,14:09:52
17,14:09:52
17,14:09:52
16,14:09:53
15,14:09:53
16,14:09:53
16,14:09:53
16,14:09:53
18,14:09:53
15,14:09:53
16,14:09:53
16,14:09:53
13,14:09:53
16,14:09:53
16,14:09:53
16,14:09:53
21,14:09:53
16,14:09:53
14,14:09:53
14,14:09:53
12,14:09:53
16,14:09:53
25,14:09:53
24,14:09:53
16,14:09:53
14,14:09:53
13,14:09:53
13,14:09:53
13,14:09:53
13,14:09:54
26,14:09:54
13,14:09:54
24,14:09:54
12,14:09:54
12,14:09:54
17,14:09:54
13,14:09:54
16,14:09:54
12,14:09:54
16,14:09:54
15,14:09:54
16,14:09:54
15,14:09:54
16,14:09:54
16,14:09:54
13,14:09:54
13,14:09:54
25,14:09:54
15,14:09:54
15,14:09:54
16,14:09:54
15,14:09:54
18,14:09:54
15,14:09:54
16,14:09:54
17,14:09:55
14,14:09:55
13,14:09:55
15,14:09:55
13,14:09:55
21,14:09:55
13,14:09:55
14,14:09:55
16,14:09:55
13,14:09:55
13,14:09:55
17,14:09:55
18,14:09:55
13,14:09:55
12,14:09:55
13,14:09:55
15,14:09:55
14,14:09:55
13,14:09:55
14,14:09:55
14,14:09:55
14,14:09:55
16,14:09:55
17,14:09:55
14,14:09:55
13,14:09:55
18,14:09:55
15,14:09:56
13,14:09:56
16,14:09:56
13,14:09:56
21,14:09:56
17,14:09:56
17,14:09:56
17,14:09:56
16,14:09:56
14,14:09:56
14,14:09:56
13,14:09:56
13,14:09:56
16,14:09:56
16,14:09:56
13,14:09:56
16,14:09:56
26,14:09:56
13,14:09:56
18,14:09:56
18,14:09:56
14,14:09:56
17,14:09:56
14,14:09:56
16,14:09:56
17,14:09:57
17,14:09:57
17,14:09:57
21,14:09:57
21,14:09:57
15,14:09:57
15,14:09:57
17,14:09:57
17,14:09:57
14,14:09:57
21,14:09:57
25,14:09:57
16,14:09:57
16,14:09:57
17,14:09:57
17,14:09:57
16,14:09:57
17,14:09:57
17,14:09:57
17,14:09:57
16,14:09:57
13,14:09:57
12,14:09:57
16,14:09:57
13,14:09:57
13,14:09:58
16,14:09:58
15,14:09:58
16,14:09:58
16,14:09:58
17,14:09:58
16,14:09:58
16,14:09:58
14,14:09:58
24,14:09:58
15,14:09:58
13,14:09:58
15,14:09:58
16,14:09:58
12,14:09:58
12,14:09:58
16,14:09:58
17,14:09:58
17,14:09:58
17,14:09:58
15,14:09:58
13,14:09:58
16,14:09:58
16,14:09:58
16,14:09:58
16,14:09:58
16,14:09:59
14,14:09:59
15,14:09:59
16,14:09:59
15,14:09:59
12,14:09:59
12,14:09:59
16,14:09:59
16,14:09:59
16,14:09:59
15,14:09:59
15,14:09:59
15,14:09:59
16,14:09:59
16,14:09:59
17,14:09:59
16,14:09:59
17,14:09:59
16,14:09:59
15,14:09:59
15,14:09:59
15,14:09:59
18,14:09:59
15,14:09:59
13,14:09:59
16,14:10:00
15,14:10:00
12,14:10:00
16,14:10:00
15,14:10:00
16,14:10:00
15,14:10:00
14,14:10:00
13,14:10:00
14,14:10:00
13,14:10:00
13,14:10:00
15,14:10:00
16,14:10:00
15,14:10:00
16,14:10:00
13,14:10:00
12,14:10:00
16,14:10:00
14,14:10:00
15,14:10:00
15,14:10:00
15,14:10:00
13,14:10:00
14,14:10:00
13,14:10:00
15,14:10:01
15,14:10:01
13,14:10:01
15,14:10:01
15,14:10:01
15,14:10:01
15,14:10:01
15,14:10:01
15,14:10:01
15,14:10:01
14,14:10:01
16,14:10:01
14,14:10:01
15,14:10:01
13,14:10:01
15,14:10:01
15,14:10:01
13,14:10:01
15,14:10:01
16,14:10:01
13,14:10:01
15,14:10:01
15,14:10:01
13,14:10:01
14,14:10:01
13,14:10:01
16,14:10:02
16,14:10:02
15,14:10:02
14,14:10:02
16,14:10:02
13,14:10:02
14,14:10:02
15,14:10:02
15,14:10:02
13,14:10:02
13,14:10:02
13,14:10:02
15,14:10:02
15,14:10:02
16,14:10:02
15,14:10:02
14,14:10:02
16,14:10:02
15,14:10:02
14,14:10:02
15,14:10:02
16,14:10:02
17,14:10:02
13,14:10:02
16,14:10:02
14,14:10:03
14,14:10:03
14,14:10:03
15,14:10:03
13,14:10:03
14,14:10:03
25,14:10:03
16,14:10:03
15,14:10:03
14,14:10:03
15,14:10:03
13,14:10:03
15,14:10:03
14,14:10:03
14,14:10:03
12,14:10:03
15,14:10:03
12,14:10:03
15,14:10:03
16,14:10:03
13,14:10:03
13,14:10:03
12,14:10:03
13,14:10:03
14,14:10:03
13,14:10:03
14,14:10:03
15,14:10:04
14,14:10:04
15,14:10:04
15,14:10:04
14,14:10:04
14,14:10:04
12,14:10:04
15,14:10:04
12,14:10:04
14,14:10:04
15,14:10:04
13,14:10:04
13,14:10:04
13,14:10:04
14,14:10:04
13,14:10:04
14,14:10:04
14,14:10:04
13,14:10:04
14,14:10:04
15,14:10:04
15,14:10:04
14,14:10:04
13,14:10:04
14,14:10:05
13,14:10:05
14,14:10:05
14,14:10:05
14,14:10:05
13,14:10:05
15,14:10:05
18,14:10:05
18,14:10:05
13,14:10:05
15,14:10:05
13,14:10:05
15,14:10:05
13,14:10:05
13,14:10:05
15,14:10:05
15,14:10:05
14,14:10:05
14,14:10:05
13,14:10:05
14,14:10:05
15,14:10:05
14,14:10:05
15,14:10:05
13,14:10:05
15,14:10:05
14,14:10:06
14,14:10:06
15,14:10:06
15,14:10:06
14,14:10:06
12,14:10:06
13,14:10:06
14,14:10:06
14,14:10:06
15,14:10:06
14,14:10:06
13,14:10:06
14,14:10:06
15,14:10:06
13,14:10:06
15,14:10:06
13,14:10:06
12,14:10:06
13,14:10:06
14,14:10:06
13,14:10:06
12,14:10:06
13,14:10:06
13,14:10:06
13,14:10:06
15,14:10:06
14,14:10:07
13,14:10:07
14,14:10:07
13,14:10:07
13,14:10:07
12,14:10:07
13,14:10:07
13,14:10:07
13,14:10:07
13,14:10:07
12,14:10:07
13,14:10:07
13,14:10:07
12,14:10:07
13,14:10:07
24,14:10:07
12,14:10:07
18,14:10:07
14,14:10:07
12,14:10:07
12,14:10:07
24,14:10:07
21,14:10:07
20,14:10:07
12,14:10:08
15,14:10:08
12,14:10:08
13,14:10:08
20,14:10:08
18,14:10:08
19,14:10:08
19,14:10:08
15,14:10:08
14,14:10:08
15,14:10:08
11,14:10:08
15,14:10:08
15,14:10:08
14,14:10:08
14,14:10:08
24,14:10:08
15,14:10:08
16,14:10:08
15,14:10:08
14,14:10:09
16,14:10:09
15,14:10:09
16,14:10:09
16,14:10:09
15,14:10:09
14,14:10:09
13,14:10:09
17,14:10:09
21,14:10:09
19,14:10:09
19,14:10:09
19,14:10:09
19,14:10:09
19,14:10:09
19,14:10:09
15,14:10:09
19,14:10:09
21,14:10:09
21,14:10:09
19,14:10:09
18,14:10:09
19,14:10:09
19,14:10:09
19,14:10:09
21,14:10:09
21,14:10:10
23,14:10:10
21,14:10:10
24,14:10:10
23,14:10:10
20,14:10:10
21,14:10:10
24,14:10:10
22,14:10:10
24,14:10:10
24,14:10:10
24,14:10:10
24,14:10:10
24,14:10:10
24,14:10:10
23,14:10:10
15,14:10:10
24,14:10:10
15,14:10:10
15,14:10:10
15,14:10:10
24,14:10:10
23,14:10:10
16,14:10:10
16,14:10:10
16,14:10:11
15,14:10:11
16,14:10:11
16,14:10:11
14,14:10:11
16,14:10:11
16,14:10:11
15,14:10:11
15,14:10:11
16,14:10:11
17,14:10:11
18,14:10:11
16,14:10:11
17,14:10:11
17,14:10:11
18,14:10:11
23,14:10:11
16,14:10:11
16,14:10:11
23,14:10:11
16,14:10:11
23,14:10:11
16,14:10:11
18,14:10:11
16,14:10:11
16,14:10:11
23,14:10:11
16,14:10:12
15,14:10:12
16,14:10:12
15,14:10:12
15,14:10:12
15,14:10:12
15,14:10:12
15,14:10:12
15,14:10:12
15,14:10:12
15,14:10:12
16,14:10:12
15,14:10:12
15,14:10:12
15,14:10:12
15,14:10:12
15,14:10:12
16,14:10:12
15,14:10:12
16,14:10:12
16,14:10:12
16,14:10:12
15,14:10:12
16,14:10:12
15,14:10:12
15,14:10:12
15,14:10:13
16,14:10:13
15,14:10:13
15,14:10:13
16,14:10:13
16,14:10:13
15,14:10:13
15,14:10:13
15,14:10:13
15,14:10:13
16,14:10:13
15,14:10:13
15,14:10:13
16,14:10:13
16,14:10:13
16,14:10:13
16,14:10:13
17,14:10:13
17,14:10:13
16,14:10:13
16,14:10:13
17,14:10:13
15,14:10:13
15,14:10:13
15,14:10:13
18,14:10:13
15,14:10:14
15,14:10:14
16,14:10:14
15,14:10:14
16,14:10:14
16,14:10:14
16,14:10:14
16,14:10:14
17,14:10:14
15,14:10:14
16,14:10:14
16,14:10:14
16,14:10:14
10,14:10:14
16,14:10:14
15,14:10:14
17,14:10:14
15,14:10:14
15,14:10:14
15,14:10:14
15,14:10:14
16,14:10:14
15,14:10:14
15,14:10:14
15,14:10:15
16,14:10:15
15,14:10:15
15,14:10:15
15,14:10:15
15,14:10:15
15,14:10:15
15,14:10:15
16,14:10:15
15,14:10:15
16,14:10:15
16,14:10:15
16,14:10:15
15,14:10:15
15,14:10:15
16,14:10:15
16,14:10:15
16,14:10:15
15,14:10:15
15,14:10:15
15,14:10:15
16,14:10:15
15,14:10:15
15,14:10:15
16,14:10:15
16,14:10:16
15,14:10:16
15,14:10:16
16,14:10:16
15,14:10:16
15,14:10:16
15,14:10:16
15,14:10:16
15,14:10:16
15,14:10:16
15,14:10:16
12,14:10:16
15,14:10:16
15,14:10:16
15,14:10:16
15,14:10:16
15,14:10:16
15,14:10:16
15,14:10:16
15,14:10:16
15,14:10:16
15,14:10:16
15,14:10:16
15,14:10:16
15,14:10:16
13,14:10:16
13,14:10:17
15,14:10:17
15,14:10:17
15,14:10:17
13,14:10:17
13,14:10:17
16,14:10:17
16,14:10:17
15,14:10:17
14,14:10:17
15,14:10:17
15,14:10:17
15,14:10:17
14,14:10:17
14,14:10:17
15,14:10:17
15,14:10:17
15,14:10:17
15,14:10:17
15,14:10:17
15,14:10:17
23,14:10:17
24,14:10:17
21,14:10:17
17,14:10:17
18,14:10:17
18,14:10:18
17,14:10:18
19,14:10:18
16,14:10:18
17,14:10:18
17,14:10:18
16,14:10:18
15,14:10:18
14,14:10:18
16,14:10:18
16,14:10:18
14,14:10:18
16,14:10:18
16,14:10:18
17,14:10:18
18,14:10:18
21,14:10:18
23,14:10:18
23,14:10:18
22,14:10:18
22,14:10:18
23,14:10:18
21,14:10:18
19,14:10:18
20,14:10:18
19,14:10:18
20,14:10:19
20,14:10:19
20,14:10:19
20,14:10:19
21,14:10:19
20,14:10:19
18,14:10:19
16,14:10:19
15,14:10:19
19,14:10:19
16,14:10:19
21,14:10:19
19,14:10:19
16,14:10:19
16,14:10:19
16,14:10:19
18,14:10:19
18,14:10:19
21,14:10:19
16,14:10:19
18,14:10:19
17,14:10:19
15,14:10:19
18,14:10:19
18,14:10:19
18,14:10:20
21,14:10:20
19,14:10:20
21,14:10:20
19,14:10:20
19,14:10:20
20,14:10:20
19,14:10:20
19,14:10:20
23,14:10:20
19,14:10:20
22,14:10:20
19,14:10:20
23,14:10:20
19,14:10:20
19,14:10:20
23,14:10:20
20,14:10:20
20,14:10:20
18,14:10:20
24,14:10:20
24,14:10:20
24,14:10:20
23,14:10:20
20,14:10:20
24,14:10:20
23,14:10:21
23,14:10:21
22,14:10:21
23,14:10:21
24,14:10:21
24,14:10:21
24,14:10:21
20,14:10:21
22,14:10:21
22,14:10:21
24,14:10:21
19,14:10:21
24,14:10:21
20,14:10:21
24,14:10:21
23,14:10:21
19,14:10:21
20,14:10:21
20,14:10:21
20,14:10:21
20,14:10:21
20,14:10:21
19,14:10:21
20,14:10:21
20,14:10:22
20,14:10:22
19,14:10:22
20,14:10:22
20,14:10:22
19,14:10:22
19,14:10:22
21,14:10:22
24,14:10:22
19,14:10:22
20,14:10:22
19,14:10:22
20,14:10:22
20,14:10:22
20,14:10:22
20,14:10:22
19,14:10:22
20,14:10:22
20,14:10:22
20,14:10:22
19,14:10:22
20,14:10:22
18,14:10:22
18,14:10:22
20,14:10:22
20,14:10:22
20,14:10:23
20,14:10:23
20,14:10:23
20,14:10:23
20,14:10:23
20,14:10:23
20,14:10:23
19,14:10:23
20,14:10:23
19,14:10:23
19,14:10:23
20,14:10:23
20,14:10:23
20,14:10:23
20,14:10:23
20,14:10:23
20,14:10:23
20,14:10:23
19,14:10:23
20,14:10:23
19,14:10:23
20,14:10:23
19,14:10:23
19,14:10:24
19,14:10:24
20,14:10:24
19,14:10:24
20,14:10:24
18,14:10:24
20,14:10:24
20,14:10:24
20,14:10:24
19,14:10:24
19,14:10:24
21,14:10:24
20,14:10:24
19,14:10:24
21,14:10:24
20,14:10:24
20,14:10:24
20,14:10:24
22,14:10:24
20,14:10:24
20,14:10:24
20,14:10:24
19,14:10:24
20,14:10:24
19,14:10:24
20,14:10:25
19,14:10:25
19,14:10:25
19,14:10:25
19,14:10:25
20,14:10:25
19,14:10:25
20,14:10:25
20,14:10:25
20,14:10:25
20,14:10:25
20,14:10:25
19,14:10:25
20,14:10:25
21,14:10:25
21,14:10:25
21,14:10:25
21,14:10:25
19,14:10:25
17,14:10:25
21,14:10:25
21,14:10:25
21,14:10:25
21,14:10:25
21,14:10:26
19,14:10:26
19,14:10:26
21,14:10:26
21,14:10:26
16,14:10:26
18,14:10:26
18,14:10:26
21,14:10:26
17,14:10:26
16,14:10:26
18,14:10:26
18,14:10:26
16,14:10:26
16,14:10:26
15,14:10:26
16,14:10:26
15,14:10:26
15,14:10:26
14,14:10:26
14,14:10:26
15,14:10:26
15,14:10:26
15,14:10:26
16,14:10:26
25,14:10:26
24,14:10:27
23,14:10:27
21,14:10:27
21,14:10:27
22,14:10:27
20,14:10:27
20,14:10:27
20,14:10:27
20,14:10:27
20,14:10:27
20,14:10:27
20,14:10:27
20,14:10:27
20,14:10:27
20,14:10:27
20,14:10:27
19,14:10:27
20,14:10:27
19,14:10:27
19,14:10:27
19,14:10:27
19,14:10:27
20,14:10:27
19,14:10:27
18,14:10:27
18,14:10:28
18,14:10:28
18,14:10:28
20,14:10:28
19,14:10:28
17,14:10:28
19,14:10:28
18,14:10:28
21,14:10:28
20,14:10:28
20,14:10:28
19,14:10:28
20,14:10:28
20,14:10:28
19,14:10:28
19,14:10:28
20,14:10:28
19,14:10:28
19,14:10:28
20,14:10:28
20,14:10:28
19,14:10:28
19,14:10:28
20,14:10:28
20,14:10:28
19,14:10:29
20,14:10:29
21,14:10:29
21,14:10:29
20,14:10:29
20,14:10:29
20,14:10:29
20,14:10:29
20,14:10:29
20,14:10:29
19,14:10:29
19,14:10:29
20,14:10:29
19,14:10:29
19,14:10:29
20,14:10:29
20,14:10:29
19,14:10:29
20,14:10:29
20,14:10:29
20,14:10:29
20,14:10:29
20,14:10:29
20,14:10:29
20,14:10:30
19,14:10:30
20,14:10:30
20,14:10:30
20,14:10:30
20,14:10:30
20,14:10:30
20,14:10:30
20,14:10:30
20,14:10:30
20,14:10:30
20,14:10:30
19,14:10:30
19,14:10:30
19,14:10:30
19,14:10:30
20,14:10:30
19,14:10:30
19,14:10:30
21,14:10:30
19,14:10:30
20,14:10:30
19,14:10:30
20,14:10:30
18,14:10:30
19,14:10:31
20,14:10:31
19,14:10:31
18,14:10:31
20,14:10:31
19,14:10:31
21,14:10:31
19,14:10:31
19,14:10:31
19,14:10:31
19,14:10:31
19,14:10:31
19,14:10:31
19,14:10:31
19,14:10:31
20,14:10:31
20,14:10:31
19,14:10:31
19,14:10:31
19,14:10:31
25,14:10:31
19,14:10:31
19,14:10:31
19,14:10:32
19,14:10:32
20,14:10:32
19,14:10:32
18,14:10:32
18,14:10:32
19,14:10:32
18,14:10:32
19,14:10:32
19,14:10:32
18,14:10:32
18,14:10:32
19,14:10:32
18,14:10:32
18,14:10:32
19,14:10:32
19,14:10:32
19,14:10:32
18,14:10:32
19,14:10:32
19,14:10:32
19,14:10:32
16,14:10:32
15,14:10:32
19,14:10:33
17,14:10:33
17,14:10:33
19,14:10:33
18,14:10:33
19,14:10:33
21,14:10:33
21,14:10:33
19,14:10:33
21,14:10:33
19,14:10:33
17,14:10:33
17,14:10:33
18,14:10:33
19,14:10:33
19,14:10:33
20,14:10:33
19,14:10:33
18,14:10:33
19,14:10:33
20,14:10:33
18,14:10:33
19,14:10:33
19,14:10:33
21,14:10:33
19,14:10:34
19,14:10:34
21,14:10:34
21,14:10:34
21,14:10:34
21,14:10:34
21,14:10:34
21,14:10:34
19,14:10:34
19,14:10:34
20,14:10:34
18,14:10:34
18,14:10:34
19,14:10:34
18,14:10:34
20,14:10:34
18,14:10:34
21,14:10:34
16,14:10:34
19,14:10:34
17,14:10:34
19,14:10:34
19,14:10:34
18,14:10:34
19,14:10:34
18,14:10:35
20,14:10:35
19,14:10:35
21,14:10:35
16,14:10:35
18,14:10:35
18,14:10:35
21,14:10:35
20,14:10:35
16,14:10:35
19,14:10:35
18,14:10:35
19,14:10:35
19,14:10:35
19,14:10:35
19,14:10:35
21,14:10:35
19,14:10:35
17,14:10:35
19,14:10:35
21,14:10:35
19,14:10:35
21,14:10:35
18,14:10:35
21,14:10:35
21,14:10:35
19,14:10:36
19,14:10:36
24,14:10:36
21,14:10:36
19,14:10:36
19,14:10:36
20,14:10:36
18,14:10:36
19,14:10:36
19,14:10:36
18,14:10:36
15,14:10:36
19,14:10:36
17,14:10:36
18,14:10:36
18,14:10:36
19,14:10:36
21,14:10:36
19,14:10:36
19,14:10:36
18,14:10:36
19,14:10:36
20,14:10:36
18,14:10:36
17,14:10:36
18,14:10:37
21,14:10:37
20,14:10:37
20,14:10:37
18,14:10:37
19,14:10:37
20,14:10:37
21,14:10:37
20,14:10:37
18,14:10:37
19,14:10:37
16,14:10:37
19,14:10:37
19,14:10:37
19,14:10:37
20,14:10:37
20,14:10:37
20,14:10:37
19,14:10:37
20,14:10:37
19,14:10:37
18,14:10:37
20,14:10:37
20,14:10:37
19,14:10:37
19,14:10:38
18,14:10:38
19,14:10:38
19,14:10:38
19,14:10:38
19,14:10:38
19,14:10:38
19,14:10:38
19,14:10:38
19,14:10:38
20,14:10:38
21,14:10:38
21,14:10:38
18,14:10:38
19,14:10:38
20,14:10:38
20,14:10:38
19,14:10:38
19,14:10:38
20,14:10:38
21,14:10:38
18,14:10:38
20,14:10:38
20,14:10:38
20,14:10:38
19,14:10:39
20,14:10:39
17,14:10:39
19,14:10:39
19,14:10:39
20,14:10:39
19,14:10:39
18,14:10:39
20,14:10:39
18,14:10:39
18,14:10:39
19,14:10:39
21,14:10:39
19,14:10:39
19,14:10:39
21,14:10:39
21,14:10:39
21,14:10:39
18,14:10:39
20,14:10:39
19,14:10:39
19,14:10:39
19,14:10:39
21,14:10:39
19,14:10:39
19,14:10:40
19,14:10:40
20,14:10:40
18,14:10:40
18,14:10:40
24,14:10:40
20,14:10:40
19,14:10:40
20,14:10:40
21,14:10:40
18,14:10:40
19,14:10:40
19,14:10:40
19,14:10:40
19,14:10:40
20,14:10:40
18,14:10:40
20,14:10:40
20,14:10:40
20,14:10:40
20,14:10:40
20,14:10:40
19,14:10:40
20,14:10:40
19,14:10:41
20,14:10:41
20,14:10:41
19,14:10:41
20,14:10:41
20,14:10:41
18,14:10:41
24,14:10:41
19,14:10:41
20,14:10:41
19,14:10:41
20,14:10:41
20,14:10:41
18,14:10:41
18,14:10:41
19,14:10:41
19,14:10:41
20,14:10:41
20,14:10:41
20,14:10:41
19,14:10:41
18,14:10:41
19,14:10:41
16,14:10:41
18,14:10:41
19,14:10:41
19,14:10:42
19,14:10:42
17,14:10:42
19,14:10:42
16,14:10:42
20,14:10:42
19,14:10:42
19,14:10:42
19,14:10:42
18,14:10:42
19,14:10:42
20,14:10:42
16,14:10:42
24,14:10:42
19,14:10:42
18,14:10:42
20,14:10:42
20,14:10:42
18,14:10:42
18,14:10:42
16,14:10:42
20,14:10:42
19,14:10:42
18,14:10:42
20,14:10:42
19,14:10:43
18,14:10:43
15,14:10:43
20,14:10:43
18,14:10:43
17,14:10:43
19,14:10:43
20,14:10:43
20,14:10:43
20,14:10:43
19,14:10:43
19,14:10:43
20,14:10:43
21,14:10:43
20,14:10:43
19,14:10:43
19,14:10:43
19,14:10:43
20,14:10:43
19,14:10:43
16,14:10:43
19,14:10:43
16,14:10:43
19,14:10:43
20,14:10:43
19,14:10:43
18,14:10:44
20,14:10:44
20,14:10:44
18,14:10:44
17,14:10:44
20,14:10:44
20,14:10:44
20,14:10:44
16,14:10:44
20,14:10:44
20,14:10:44
19,14:10:44
20,14:10:44
20,14:10:44
20,14:10:44
19,14:10:44
18,14:10:44
20,14:10:44
19,14:10:44
19,14:10:44
19,14:10:44
19,14:10:44
20,14:10:44
20,14:10:44
19,14:10:45
20,14:10:45
19,14:10:45
19,14:10:45
18,14:10:45
19,14:10:45
20,14:10:45
20,14:10:45
19,14:10:45
18,14:10:45
18,14:10:45
17,14:10:45
19,14:10:45
19,14:10:45
19,14:10:45
20,14:10:45
19,14:10:45
17,14:10:45
20,14:10:45
19,14:10:45
16,14:10:45
19,14:10:45
19,14:10:45
19,14:10:45
21,14:10:45
19,14:10:45
20,14:10:46
19,14:10:46
20,14:10:46
20,14:10:46
21,14:10:46
21,14:10:46
20,14:10:46
21,14:10:46
19,14:10:46
24,14:10:46
24,14:10:46
18,14:10:46
19,14:10:46
21,14:10:46
15,14:10:46
16,14:10:46
18,14:10:46
15,14:10:46
15,14:10:46
15,14:10:46
13,14:10:46
17,14:10:46
13,14:10:46
14,14:10:46
19,14:10:46
22,14:10:47
22,14:10:47
16,14:10:47
19,14:10:47
17,14:10:47
18,14:10:47
18,14:10:47
16,14:10:47
17,14:10:47
17,14:10:47
16,14:10:47
18,14:10:47
18,14:10:47
16,14:10:47
17,14:10:47
16,14:10:47
16,14:10:47
16,14:10:47
16,14:10:47
15,14:10:47
15,14:10:47
13,14:10:47
14,14:10:47
24,14:10:47
22,14:10:47
24,14:10:48
21,14:10:48
21,14:10:48
19,14:10:48
22,14:10:48
21,14:10:48
20,14:10:48
16,14:10:48
15,14:10:48
16,14:10:48
16,14:10:48
13,14:10:48
15,14:10:48
15,14:10:48
15,14:10:48
15,14:10:48
15,14:10:48
15,14:10:48
15,14:10:48
16,14:10:48
15,14:10:48
16,14:10:48
15,14:10:49
15,14:10:49
15,14:10:49
15,14:10:49
15,14:10:49
15,14:10:49
18,14:10:49
18,14:10:49
16,14:10:49
17,14:10:49
18,14:10:49
17,14:10:49
17,14:10:49
17,14:10:49
16,14:10:49
17,14:10:49
16,14:10:49
16,14:10:49
15,14:10:49
16,14:10:49
16,14:10:49
16,14:10:49
16,14:10:50
17,14:10:50
16,14:10:50
16,14:10:50
27,14:10:50
28,14:10:50
28,14:10:50
27,14:10:50
27,14:10:50
27,14:10:50
24,14:10:50
27,14:10:50
27,14:10:50
27,14:10:50
24,14:10:50
26,14:10:50
28,14:10:50
27,14:10:50
27,14:10:50
26,14:10:50
27,14:10:50
27,14:10:50
27,14:10:50
27,14:10:51
27,14:10:51
18,14:10:51
23,14:10:51
23,14:10:51
26,14:10:51
27,14:10:51
27,14:10:51
26,14:10:51
23,14:10:51
27,14:10:51
26,14:10:51
26,14:10:51
26,14:10:51
26,14:10:51
27,14:10:51
27,14:10:51
26,14:10:51
25,14:10:51
19,14:10:51
22,14:10:51
10,14:10:51
21,14:10:52
27,14:10:52
25,14:10:52
27,14:10:52
26,14:10:52
14,14:10:52
14,14:10:52
13,14:10:52
22,14:10:52
10,14:10:52
35,14:10:52
33,14:10:52
34,14:10:52
10,14:10:52
31,14:10:52
24,14:10:52
28,14:10:53
29,14:10:53
25,14:10:53
25,14:10:53
10,14:10:53
27,14:10:53
26,14:10:53
24,14:10:53
26,14:10:53
24,14:10:53
25,14:10:53
25,14:10:53
26,14:10:53
24,14:10:53
25,14:10:53
27,14:10:53
26,14:10:53
26,14:10:53
24,14:10:54
26,14:10:54
26,14:10:54
10,14:10:54
10,14:10:54
10,14:10:54
25,14:10:54
16,14:10:54
24,14:10:54
16,14:10:54
16,14:10:54
27,14:10:54
15,14:10:54
16,14:10:54
18,14:10:54
18,14:10:55
18,14:10:55
22,14:10:55
22,14:10:55
25,14:10:55
18,14:10:55
25,14:10:55
23,14:10:55
23,14:10:55
25,14:10:55
17,14:10:55
24,14:10:55
18,14:10:55
22,14:10:55
23,14:10:55
25,14:10:55
13,14:10:55
19,14:10:55
19,14:10:55
25,14:10:55
25,14:10:56
10,14:10:56
13,14:10:56
25,14:10:56
25,14:10:56
25,14:10:56
20,14:10:57
19,14:10:57
19,14:10:57
17,14:10:57
18,14:10:57
18,14:10:57
18,14:10:57
18,14:10:57
16,14:10:57
15,14:10:57
16,14:10:57
18,14:10:57
17,14:10:57
16,14:10:57
22,14:10:57
21,14:10:57
24,14:10:57
23,14:10:57
24,14:10:57
24,14:10:57
24,14:10:57
24,14:10:57
24,14:10:58
18,14:10:58
18,14:10:58
21,14:10:58
23,14:10:58
22,14:10:58
24,14:10:58
24,14:10:58
22,14:10:58
21,14:10:58
21,14:10:58
22,14:10:58
22,14:10:58
22,14:10:58
22,14:10:58
21,14:10:58
22,14:10:58
22,14:10:58
22,14:10:58
22,14:10:58
21,14:10:58
21,14:10:58
20,14:10:58
20,14:10:59
20,14:10:59
20,14:10:59
20,14:10:59
20,14:10:59
21,14:10:59
21,14:10:59
23,14:10:59
23,14:10:59
23,14:10:59
23,14:10:59
23,14:10:59
23,14:10:59
23,14:10:59
23,14:10:59
30,14:10:59
22,14:10:59
23,14:10:59
23,14:10:59
23,14:10:59
23,14:10:59
24,14:10:59
23,14:10:59
23,14:11:00
23,14:11:00
23,14:11:00
23,14:11:00
23,14:11:00
23,14:11:00
23,14:11:00
23,14:11:00
23,14:11:00
23,14:11:00
23,14:11:00
31,14:11:00
22,14:11:00
31,14:11:00
23,14:11:00
24,14:11:00
24,14:11:00
24,14:11:00
24,14:11:00
22,14:11:00
24,14:11:00
31,14:11:00
24,14:11:00
24,14:11:00
24,14:11:01
24,14:11:01
24,14:11:01
24,14:11:01
24,14:11:01
24,14:11:01
24,14:11:01
24,14:11:01
24,14:11:01
24,14:11:01
24,14:11:01
24,14:11:01
24,14:11:01
24,14:11:01
24,14:11:01
24,14:11:01
24,14:11:01
24,14:11:01
24,14:11:01
24,14:11:01
24,14:11:01
19,14:11:01
24,14:11:02
24,14:11:02
24,14:11:02
23,14:11:02
24,14:11:02
24,14:11:02
24,14:11:02
19,14:11:02
19,14:11:02
19,14:11:02
24,14:11:02
24,14:11:02
24,14:11:02
24,14:11:02
25,14:11:02
24,14:11:02
19,14:11:02
19,14:11:02
24,14:11:02
19,14:11:02
19,14:11:02
24,14:11:02
20,14:11:02
19,14:11:02
18,14:11:03
18,14:11:03
19,14:11:03
19,14:11:03
20,14:11:03
18,14:11:03
19,14:11:03
19,14:11:03
18,14:11:03
19,14:11:03
23,14:11:03
19,14:11:03
19,14:11:03
19,14:11:03
20,14:11:03
19,14:11:03
19,14:11:03
19,14:11:03
19,14:11:03
19,14:11:03
19,14:11:03
19,14:11:03
19,14:11:03
19,14:11:03
19,14:11:03
19,14:11:04
19,14:11:04
19,14:11:04
19,14:11:04
20,14:11:04
19,14:11:04
19,14:11:04
19,14:11:04
23,14:11:04
19,14:11:04
20,14:11:04
19,14:11:04
19,14:11:04
19,14:11:04
19,14:11:04
19,14:11:04
20,14:11:04
19,14:11:04
18,14:11:04
19,14:11:04
20,14:11:04
19,14:11:04
19,14:11:05
19,14:11:05
19,14:11:05
19,14:11:05
19,14:11:05
19,14:11:05
19,14:11:05
19,14:11:05
19,14:11:05
19,14:11:05
19,14:11:05
19,14:11:05
19,14:11:05
19,14:11:05
18,14:11:05
20,14:11:05
20,14:11:05
19,14:11:05
20,14:11:05
20,14:11:05
18,14:11:05
18,14:11:05
19,14:11:05
19,14:11:05
19,14:11:06
19,14:11:06
19,14:11:06
19,14:11:06
19,14:11:06
19,14:11:06
20,14:11:06
19,14:11:06
19,14:11:06
19,14:11:06
19,14:11:06
19,14:11:06
20,14:11:06
19,14:11:06
20,14:11:06
19,14:11:06
20,14:11:06
19,14:11:06
19,14:11:06
19,14:11:06
19,14:11:06
19,14:11:06
20,14:11:06
19,14:11:07
19,14:11:07
19,14:11:07
19,14:11:07
19,14:11:07
19,14:11:07
21,14:11:07
19,14:11:07
19,14:11:07
19,14:11:07
19,14:11:07
20,14:11:07
20,14:11:07
19,14:11:07
20,14:11:07
20,14:11:07
19,14:11:07
19,14:11:07
20,14:11:07
19,14:11:07
19,14:11:07
19,14:11:07
19,14:11:07
19,14:11:07
19,14:11:08
19,14:11:08
20,14:11:08
19,14:11:08
19,14:11:08
19,14:11:08
19,14:11:08
18,14:11:08
20,14:11:08
19,14:11:08
19,14:11:08
19,14:11:08
19,14:11:08
20,14:11:08
19,14:11:08
18,14:11:08
20,14:11:08
18,14:11:08
19,14:11:08
20,14:11:08
19,14:11:08
19,14:11:08
19,14:11:08
19,14:11:08
19,14:11:09
19,14:11:09
19,14:11:09
19,14:11:09
19,14:11:09
19,14:11:09
19,14:11:09
19,14:11:09
19,14:11:09
19,14:11:09
19,14:11:09
19,14:11:09
19,14:11:09
19,14:11:09
19,14:11:09
19,14:11:09
19,14:11:09
20,14:11:09
19,14:11:09
19,14:11:09
19,14:11:09
19,14:11:09
19,14:11:09
19,14:11:10
19,14:11:10
20,14:11:10
19,14:11:10
19,14:11:10
20,14:11:10
19,14:11:10
19,14:11:10
19,14:11:10
19,14:11:10
20,14:11:10
20,14:11:10
20,14:11:10
20,14:11:10
19,14:11:10
20,14:11:10
20,14:11:10
19,14:11:10
20,14:11:10
20,14:11:10
20,14:11:10
20,14:11:10
20,14:11:10
20,14:11:10
20,14:11:11
20,14:11:11
23,14:11:11
23,14:11:11
23,14:11:11
23,14:11:11
23,14:11:11
23,14:11:11
23,14:11:11
23,14:11:11
23,14:11:11
23,14:11:11
23,14:11:11
23,14:11:11
23,14:11:11
23,14:11:11
23,14:11:11
23,14:11:11
23,14:11:11
23,14:11:11
23,14:11:11
23,14:11:11
23,14:11:12
23,14:11:12
23,14:11:12
23,14:11:12
23,14:11:12
23,14:11:12
23,14:11:12
23,14:11:12
23,14:11:12
23,14:11:12
23,14:11:12
23,14:11:12
23,14:11:12
23,14:11:12
23,14:11:12
23,14:11:12
23,14:11:12
23,14:11:12
23,14:11:12
23,14:11:12
23,14:11:12
23,14:11:12
23,14:11:12
23,14:11:12
23,14:11:12
23,14:11:13
23,14:11:13
23,14:11:13
23,14:11:13
23,14:11:13
23,14:11:13
24,14:11:13
23,14:11:13
23,14:11:13
23,14:11:13
23,14:11:13
24,14:11:13
23,14:11:13
23,14:11:13
24,14:11:13
23,14:11:13
23,14:11:13
24,14:11:13
24,14:11:13
23,14:11:13
24,14:11:13
24,14:11:13
24,14:11:13
23,14:11:13
23,14:11:14
24,14:11:14
23,14:11:14
23,14:11:14
23,14:11:14
23,14:11:14
23,14:11:14
23,14:11:14
23,14:11:14
23,14:11:14
23,14:11:14
23,14:11:14
23,14:11:14
23,14:11:14
23,14:11:14
23,14:11:14
23,14:11:14
23,14:11:14
23,14:11:14
23,14:11:14
23,14:11:14
23,14:11:14
23,14:11:14
18,14:11:14
18,14:11:15
23,14:11:15
19,14:11:15
21,14:11:15
23,14:11:15
24,14:11:15
21,14:11:15
21,14:11:15
21,14:11:15
22,14:11:15
21,14:11:15
21,14:11:15
20,14:11:15
21,14:11:15
21,14:11:15
21,14:11:15
21,14:11:15
21,14:11:15
21,14:11:15
21,14:11:15
21,14:11:15
19,14:11:15
20,14:11:15
21,14:11:16
21,14:11:16
21,14:11:16
21,14:11:16
20,14:11:16
19,14:11:16
20,14:11:16
20,14:11:16
19,14:11:16
19,14:11:16
19,14:11:16
20,14:11:16
18,14:11:16
21,14:11:16
22,14:11:16
21,14:11:16
21,14:11:16
21,14:11:16
20,14:11:16
20,14:11:16
21,14:11:16
20,14:11:17
20,14:11:17
20,14:11:17
20,14:11:17
21,14:11:17
20,14:11:17
20,14:11:17
20,14:11:17
20,14:11:17
20,14:11:17
21,14:11:17
21,14:11:17
20,14:11:17
21,14:11:17
20,14:11:17
20,14:11:17
20,14:11:17
22,14:11:17
21,14:11:17
21,14:11:17
20,14:11:17
21,14:11:17
20,14:11:17
21,14:11:17
21,14:11:17
21,14:11:18
21,14:11:18
21,14:11:18
21,14:11:18
22,14:11:18
20,14:11:18
21,14:11:18
20,14:11:18
20,14:11:18
21,14:11:18
21,14:11:18
21,14:11:18
22,14:11:18
22,14:11:18
20,14:11:18
21,14:11:18
20,14:11:18
21,14:11:18
20,14:11:18
21,14:11:18
20,14:11:18
21,14:11:18
21,14:11:18
21,14:11:19
21,14:11:19
21,14:11:19
21,14:11:19
21,14:11:19
21,14:11:19
21,14:11:19
21,14:11:19
21,14:11:19
21,14:11:19
21,14:11:19
21,14:11:19
20,14:11:19
21,14:11:19
21,14:11:19
21,14:11:19
20,14:11:19
20,14:11:19
21,14:11:19
22,14:11:19
20,14:11:19
21,14:11:19
21,14:11:19
21,14:11:19
21,14:11:20
20,14:11:20
21,14:11:20
20,14:11:20
20,14:11:20
21,14:11:20
21,14:11:20
21,14:11:20
21,14:11:20
21,14:11:20
21,14:11:20
22,14:11:20
22,14:11:20
21,14:11:20
22,14:11:20
21,14:11:20
21,14:11:20
21,14:11:20
20,14:11:20
21,14:11:20
21,14:11:20
21,14:11:20
21,14:11:20
22,14:11:21
22,14:11:21
22,14:11:21
20,14:11:21
20,14:11:21
22,14:11:21
21,14:11:21
21,14:11:21
21,14:11:21
21,14:11:21
22,14:11:21
21,14:11:21
20,14:11:21
22,14:11:21
22,14:11:21
22,14:11:21
22,14:11:21
21,14:11:21
22,14:11:21
21,14:11:21
21,14:11:21
20,14:11:21
21,14:11:22
20,14:11:22
22,14:11:22
22,14:11:22
22,14:11:22
21,14:11:22
21,14:11:22
21,14:11:22
21,14:11:22
20,14:11:22
20,14:11:22
21,14:11:22
22,14:11:22
21,14:11:22
21,14:11:22
20,14:11:22
20,14:11:22
20,14:11:22
21,14:11:22
21,14:11:22
20,14:11:22
21,14:11:22
22,14:11:22
21,14:11:22
21,14:11:23
22,14:11:23
21,14:11:23
21,14:11:23
21,14:11:23
22,14:11:23
21,14:11:23
20,14:11:23
22,14:11:23
22,14:11:23
21,14:11:23
22,14:11:23
22,14:11:23
22,14:11:23
21,14:11:23
22,14:11:23
21,14:11:23
21,14:11:23
19,14:11:23
19,14:11:23
21,14:11:23
21,14:11:23
21,14:11:23
22,14:11:24
21,14:11:24
18,14:11:24
18,14:11:24
18,14:11:24
19,14:11:24
19,14:11:24
18,14:11:24
17,14:11:24
17,14:11:24
16,14:11:24
16,14:11:24
16,14:11:24
16,14:11:24
16,14:11:24
15,14:11:24
15,14:11:24
15,14:11:24
16,14:11:24
16,14:11:24
16,14:11:24
16,14:11:24
16,14:11:24
16,14:11:24
15,14:11:25
16,14:11:25
16,14:11:25
18,14:11:25
16,14:11:25
17,14:11:25
23,14:11:25
16,14:11:25
16,14:11:25
15,14:11:25
14,14:11:25
16,14:11:25
16,14:11:25
16,14:11:25
16,14:11:25
16,14:11:25
15,14:11:25
16,14:11:25
16,14:11:25
16,14:11:25
24,14:11:25
15,14:11:25
24,14:11:25
23,14:11:25
16,14:11:25
16,14:11:26
23,14:11:26
16,14:11:26
17,14:11:26
17,14:11:26
23,14:11:26
23,14:11:26
23,14:11:26
23,14:11:26
23,14:11:26
23,14:11:26
23,14:11:26
23,14:11:26
23,14:11:26
23,14:11:26
23,14:11:26
23,14:11:26
23,14:11:26
23,14:11:26
23,14:11:26
23,14:11:26
23,14:11:27
23,14:11:27
22,14:11:27
23,14:11:27
22,14:11:27
21,14:11:27
23,14:11:27
23,14:11:27
23,14:11:27
23,14:11:27
22,14:11:27
23,14:11:27
24,14:11:27
23,14:11:27
22,14:11:27
24,14:11:27
23,14:11:27
22,14:11:27
23,14:11:27
23,14:11:27
24,14:11:27
24,14:11:27
24,14:11:27
23,14:11:27
22,14:11:28
21,14:11:28
22,14:11:28
22,14:11:28
23,14:11:28
21,14:11:28
23,14:11:28
23,14:11:28
23,14:11:28
16,14:11:28
16,14:11:28
18,14:11:28
17,14:11:28
16,14:11:28
16,14:11:28
16,14:11:28
15,14:11:28
16,14:11:28
15,14:11:28
17,14:11:28
16,14:11:28
15,14:11:28
15,14:11:28
15,14:11:28
14,14:11:29
14,14:11:29
15,14:11:29
15,14:11:29
14,14:11:29
15,14:11:29
15,14:11:29
15,14:11:29
15,14:11:29
15,14:11:29
15,14:11:29
16,14:11:29
16,14:11:29
16,14:11:29
16,14:11:29
16,14:11:29
18,14:11:29
20,14:11:29
20,14:11:29
21,14:11:29
22,14:11:29
22,14:11:29
22,14:11:29
22,14:11:29
21,14:11:30
21,14:11:30
21,14:11:30
20,14:11:30
22,14:11:30
22,14:11:30
21,14:11:30
22,14:11:30
21,14:11:30
22,14:11:30
21,14:11:30
22,14:11:30
22,14:11:30
22,14:11:30
22,14:11:30
22,14:11:30
22,14:11:30
21,14:11:30
21,14:11:30
21,14:11:30
20,14:11:30
19,14:11:30
19,14:11:30
20,14:11:31
19,14:11:31
20,14:11:31
21,14:11:31
24,14:11:31
19,14:11:31
23,14:11:31
24,14:11:31
24,14:11:31
24,14:11:31
21,14:11:31
22,14:11:31
22,14:11:31
24,14:11:31
21,14:11:31
24,14:11:31
24,14:11:31
22,14:11:31
22,14:11:31
22,14:11:31
21,14:11:31
21,14:11:31
19,14:11:31
21,14:11:32
21,14:11:32
21,14:11:32
21,14:11:32
21,14:11:32
20,14:11:32
19,14:11:32
21,14:11:32
19,14:11:32
19,14:11:32
19,14:11:32
19,14:11:32
19,14:11:32
19,14:11:32
19,14:11:32
19,14:11:32
16,14:11:32
19,14:11:32
18,14:11:32
19,14:11:32
16,14:11:32
16,14:11:32
15,14:11:32
19,14:11:32
16,14:11:33
19,14:11:33
15,14:11:33
16,14:11:33
19,14:11:33
15,14:11:33
15,14:11:33
18,14:11:33
19,14:11:33
23,14:11:33
18,14:11:33
18,14:11:33
19,14:11:33
15,14:11:33
15,14:11:33
18,14:11:33
16,14:11:33
15,14:11:33
15,14:11:33
15,14:11:33
15,14:11:33
16,14:11:33
15,14:11:33
15,14:11:34
15,14:11:34
15,14:11:34
15,14:11:34
15,14:11:34
15,14:11:34
18,14:11:34
23,14:11:34
16,14:11:34
16,14:11:34
16,14:11:34
16,14:11:34
23,14:11:34
16,14:11:34
15,14:11:34
23,14:11:34
22,14:11:34
23,14:11:34
23,14:11:34
23,14:11:34
23,14:11:34
21,14:11:34
23,14:11:34
24,14:11:34
23,14:11:34
23,14:11:35
24,14:11:35
24,14:11:35
23,14:11:35
24,14:11:35
24,14:11:35
23,14:11:35
24,14:11:35
24,14:11:35
24,14:11:35
24,14:11:35
24,14:11:35
16,14:11:35
16,14:11:35
16,14:11:35
15,14:11:35
22,14:11:35
24,14:11:35
15,14:11:35
16,14:11:35
15,14:11:35
15,14:11:36
16,14:11:36
16,14:11:36
23,14:11:36
16,14:11:36
16,14:11:36
23,14:11:36
23,14:11:36
23,14:11:36
16,14:11:36
16,14:11:36
16,14:11:36
22,14:11:36
16,14:11:36
16,14:11:36
16,14:11:36
16,14:11:36
16,14:11:36
16,14:11:36
16,14:11:36
23,14:11:36
15,14:11:36
16,14:11:36
16,14:11:37
16,14:11:37
23,14:11:37
23,14:11:37
23,14:11:37
16,14:11:37
23,14:11:37
16,14:11:37
16,14:11:37
16,14:11:37
16,14:11:37
16,14:11:37
16,14:11:37
16,14:11:37
15,14:11:37
15,14:11:37
16,14:11:37
16,14:11:37
16,14:11:37
16,14:11:37
15,14:11:37
15,14:11:37
16,14:11:37
16,14:11:37
15,14:11:37
15,14:11:38
17,14:11:38
16,14:11:38
16,14:11:38
16,14:11:38
17,14:11:38
16,14:11:38
15,14:11:38
15,14:11:38
15,14:11:38
16,14:11:38
16,14:11:38
15,14:11:38
15,14:11:38
15,14:11:38
15,14:11:38
15,14:11:38
15,14:11:38
15,14:11:38
15,14:11:38
16,14:11:38
16,14:11:38
15,14:11:39
15,14:11:39
15,14:11:39
16,14:11:39
15,14:11:39
16,14:11:39
15,14:11:39
16,14:11:39
16,14:11:39
15,14:11:39
16,14:11:39
15,14:11:39
16,14:11:39
16,14:11:39
15,14:11:39
15,14:11:39
15,14:11:39
15,14:11:39
15,14:11:39
15,14:11:39
15,14:11:39
15,14:11:39
15,14:11:39
15,14:11:39
15,14:11:40
15,14:11:40
15,14:11:40
15,14:11:40
16,14:11:40
16,14:11:40
15,14:11:40
15,14:11:40
15,14:11:40
16,14:11:40
16,14:11:40
16,14:11:40
15,14:11:40
16,14:11:40
15,14:11:40
15,14:11:40
16,14:11:40
15,14:11:40
15,14:11:40
15,14:11:40
15,14:11:40
15,14:11:40
15,14:11:40
15,14:11:41
15,14:11:41
15,14:11:41
15,14:11:41
24,14:11:41
24,14:11:41
15,14:11:41
15,14:11:41
15,14:11:41
15,14:11:41
15,14:11:41
16,14:11:41
15,14:11:41
15,14:11:41
15,14:11:41
16,14:11:41
16,14:11:41
16,14:11:41
15,14:11:41
16,14:11:41
16,14:11:41
16,14:11:41
15,14:11:41
15,14:11:42
15,14:11:42
15,14:11:42
15,14:11:42
15,14:11:42
15,14:11:42
15,14:11:42
15,14:11:42
15,14:11:42
15,14:11:42
15,14:11:42
14,14:11:42
15,14:11:42
15,14:11:42
15,14:11:42
15,14:11:42
15,14:11:42
15,14:11:42
15,14:11:42
15,14:11:42
14,14:11:42
15,14:11:42
14,14:11:42
13,14:11:42
14,14:11:42
13,14:11:43
14,14:11:43
14,14:11:43
14,14:11:43
15,14:11:43
13,14:11:43
14,14:11:43
16,14:11:43
15,14:11:43
16,14:11:43
15,14:11:43
16,14:11:43
14,14:11:43
16,14:11:43
16,14:11:43
16,14:11:43
15,14:11:43
16,14:11:43
16,14:11:43
18,14:11:43
16,14:11:43
16,14:11:43
16,14:11:43
16,14:11:44
16,14:11:44
16,14:11:44
16,14:11:44
16,14:11:44
15,14:11:44
14,14:11:44
15,14:11:44
15,14:11:44
15,14:11:44
15,14:11:44
15,14:11:44
15,14:11:44
16,14:11:44
19,14:11:44
15,14:11:44
15,14:11:44
21,14:11:44
21,14:11:44
17,14:11:44
15,14:11:44
15,14:11:44
18,14:11:44
16,14:11:44
16,14:11:45
16,14:11:45
16,14:11:45
17,14:11:45
18,14:11:45
17,14:11:45
18,14:11:45
17,14:11:45
18,14:11:45
18,14:11:45
18,14:11:45
16,14:11:45
17,14:11:45
17,14:11:45
17,14:11:45
18,14:11:45
17,14:11:45
17,14:11:45
17,14:11:45
17,14:11:45
17,14:11:45
19,14:11:46
19,14:11:46
16,14:11:46
19,14:11:46
19,14:11:46
17,14:11:46
16,14:11:46
16,14:11:46
16,14:11:46
19,14:11:46
16,14:11:46
16,14:11:46
19,14:11:46
16,14:11:46
18,14:11:46
18,14:11:46
18,14:11:46
18,14:11:46
19,14:11:46
20,14:11:46
19,14:11:46
19,14:11:46
18,14:11:46
19,14:11:46
19,14:11:47
18,14:11:47
19,14:11:47
20,14:11:47
21,14:11:47
19,14:11:47
21,14:11:47
19,14:11:47
21,14:11:47
21,14:11:47
21,14:11:47
21,14:11:47
21,14:11:47
21,14:11:47
21,14:11:47
21,14:11:47
20,14:11:47
20,14:11:47
18,14:11:47
18,14:11:47
19,14:11:47
18,14:11:47
16,14:11:47
17,14:11:47
19,14:11:48
18,14:11:48
18,14:11:48
21,14:11:48
19,14:11:48
21,14:11:48
21,14:11:48
19,14:11:48
20,14:11:48
21,14:11:48
17,14:11:48
19,14:11:48
19,14:11:48
19,14:11:48
18,14:11:48
19,14:11:48
19,14:11:48
19,14:11:48
17,14:11:48
17,14:11:48
20,14:11:48
19,14:11:48
18,14:11:49
20,14:11:49
20,14:11:49
19,14:11:49
19,14:11:49
21,14:11:49
21,14:11:49
20,14:11:49
21,14:11:49
21,14:11:49
20,14:11:49
20,14:11:49
20,14:11:49
21,14:11:49
20,14:11:49
19,14:11:49
17,14:11:49
19,14:11:49
19,14:11:49
19,14:11:49
21,14:11:49
21,14:11:49
19,14:11:49
19,14:11:49
19,14:11:50
20,14:11:50
22,14:11:50
20,14:11:50
22,14:11:50
19,14:11:50
21,14:11:50
19,14:11:50
16,14:11:50
15,14:11:50
12,14:11:50
15,14:11:50
12,14:11:50
12,14:11:50
11,14:11:50
12,14:11:50
19,14:11:50
18,14:11:50
16,14:11:50
19,14:11:50
17,14:11:50
17,14:11:50
18,14:11:50
18,14:11:51
18,14:11:51
19,14:11:51
19,14:11:51
19,14:11:51
20,14:11:51
20,14:11:51
20,14:11:51
20,14:11:51
20,14:11:51
21,14:11:51
21,14:11:51
21,14:11:51
20,14:11:51
21,14:11:51
21,14:11:51
19,14:11:51
17,14:11:51
17,14:11:51
16,14:11:51
16,14:11:51
16,14:11:51
15,14:11:51
18,14:11:51
17,14:11:52
17,14:11:52
16,14:11:52
16,14:11:52
15,14:11:52
14,14:11:52
14,14:11:52
19,14:11:52
21,14:11:52
19,14:11:52
16,14:11:52
19,14:11:52
16,14:11:52
18,14:11:52
19,14:11:52
16,14:11:52
20,14:11:52
15,14:11:52
20,14:11:52
21,14:11:52
16,14:11:52
18,14:11:52
21,14:11:52
18,14:11:52
21,14:11:53
21,14:11:53
22,14:11:53
17,14:11:53
15,14:11:53
18,14:11:53
21,14:11:53
19,14:11:53
21,14:11:53
19,14:11:53
19,14:11:53
19,14:11:53
18,14:11:53
18,14:11:53
18,14:11:53
18,14:11:53
17,14:11:53
18,14:11:53
18,14:11:53
18,14:11:53
18,14:11:53
15,14:11:53
15,14:11:54
18,14:11:54
17,14:11:54
15,14:11:54
16,14:11:54
16,14:11:54
17,14:11:54
15,14:11:54
18,14:11:54
18,14:11:54
17,14:11:54
18,14:11:54
17,14:11:54
18,14:11:54
18,14:11:54
18,14:11:54
18,14:11:54
18,14:11:54
18,14:11:54
18,14:11:54
18,14:11:54
18,14:11:54
18,14:11:54
19,14:11:54
18,14:11:54
18,14:11:55
18,14:11:55
18,14:11:55
18,14:11:55
17,14:11:55
18,14:11:55
18,14:11:55
18,14:11:55
17,14:11:55
18,14:11:55
18,14:11:55
18,14:11:55
18,14:11:55
18,14:11:55
17,14:11:55
18,14:11:55
18,14:11:55
18,14:11:55
18,14:11:55
18,14:11:55
18,14:11:55
17,14:11:55
18,14:11:55
18,14:11:56
18,14:11:56
18,14:11:56
18,14:11:56
18,14:11:56
17,14:11:56
18,14:11:56
17,14:11:56
18,14:11:56
16,14:11:56
17,14:11:56
17,14:11:56
18,14:11:56
18,14:11:56
18,14:11:56
17,14:11:56
17,14:11:56
18,14:11:56
18,14:11:56
17,14:11:56
17,14:11:56
17,14:11:56
17,14:11:56
18,14:11:56
17,14:11:56
17,14:11:57
18,14:11:57
17,14:11:57
18,14:11:57
18,14:11:57
18,14:11:57
17,14:11:57
17,14:11:57
18,14:11:57
18,14:11:57
18,14:11:57
18,14:11:57
18,14:11:57
18,14:11:57
18,14:11:57
18,14:11:57
17,14:11:57
17,14:11:57
17,14:11:57
18,14:11:57
18,14:11:57
17,14:11:57
18,14:11:57
19,14:11:58
18,14:11:58
18,14:11:58
18,14:11:58
18,14:11:58
18,14:11:58
18,14:11:58
18,14:11:58
18,14:11:58
18,14:11:58
18,14:11:58
16,14:11:58
16,14:11:58
17,14:11:58
17,14:11:58
17,14:11:58
18,14:11:58
18,14:11:58
17,14:11:58
18,14:11:58
18,14:11:58
18,14:11:58
16,14:11:58
17,14:11:59
17,14:11:59
17,14:11:59
16,14:11:59
17,14:11:59
18,14:11:59
16,14:11:59
17,14:11:59
18,14:11:59
18,14:11:59
17,14:11:59
18,14:11:59
17,14:11:59
17,14:11:59
18,14:11:59
18,14:11:59
18,14:11:59
18,14:11:59
18,14:11:59
18,14:11:59
17,14:11:59
18,14:11:59
17,14:11:59
17,14:11:59
17,14:12:00
17,14:12:00
16,14:12:00
16,14:12:00
17,14:12:00
16,14:12:00
16,14:12:00
17,14:12:00
18,14:12:00
17,14:12:00
16,14:12:00
18,14:12:00
16,14:12:00
16,14:12:00
16,14:12:00
16,14:12:00
17,14:12:00
16,14:12:00
17,14:12:00
16,14:12:00
16,14:12:00
17,14:12:00
17,14:12:00
17,14:12:01
17,14:12:01
17,14:12:01
17,14:12:01
17,14:12:01
17,14:12:01
15,14:12:01
17,14:12:01
17,14:12:01
17,14:12:01
17,14:12:01
16,14:12:01
17,14:12:01
18,14:12:01
18,14:12:01
18,14:12:01
19,14:12:01
18,14:12:01
15,14:12:01
18,14:12:01
18,14:12:01
18,14:12:01
18,14:12:01
19,14:12:01
18,14:12:02
18,14:12:02
18,14:12:02
18,14:12:02
19,14:12:02
16,14:12:02
18,14:12:02
17,14:12:02
18,14:12:02
18,14:12:02
18,14:12:02
18,14:12:02
18,14:12:02
18,14:12:02
18,14:12:02
18,14:12:02
19,14:12:02
17,14:12:02
19,14:12:02
19,14:12:02
18,14:12:02
18,14:12:02
18,14:12:02
21,14:12:03
18,14:12:03
19,14:12:03
18,14:12:03
17,14:12:03
18,14:12:03
18,14:12:03
18,14:12:03
16,14:12:03
17,14:12:03
18,14:12:03
18,14:12:03
18,14:12:03
17,14:12:03
16,14:12:03
18,14:12:03
17,14:12:03
18,14:12:03
18,14:12:03
17,14:12:03
18,14:12:03
17,14:12:03
18,14:12:03
18,14:12:03
16,14:12:04
18,14:12:04
18,14:12:04
17,14:12:04
16,14:12:04
18,14:12:04
17,14:12:04
15,14:12:04
17,14:12:04
18,14:12:04
17,14:12:04
18,14:12:04
17,14:12:04
18,14:12:04
18,14:12:04
18,14:12:04
18,14:12:04
17,14:12:04
18,14:12:04
15,14:12:04
18,14:12:04
18,14:12:04
17,14:12:04
17,14:12:04
18,14:12:05
17,14:12:05
18,14:12:05
18,14:12:05
18,14:12:05
18,14:12:05
18,14:12:05
16,14:12:05
18,14:12:05
18,14:12:05
15,14:12:05
17,14:12:05
17,14:12:05
18,14:12:05
17,14:12:05
18,14:12:05
18,14:12:05
17,14:12:05
16,14:12:05
18,14:12:05
15,14:12:05
16,14:12:05
17,14:12:05
16,14:12:06
16,14:12:06
18,14:12:06
18,14:12:06
17,14:12:06
15,14:12:06
17,14:12:06
16,14:12:06
18,14:12:06
16,14:12:06
15,14:12:06
16,14:12:06
15,14:12:06
16,14:12:06
16,14:12:06
16,14:12:06
16,14:12:06
15,14:12:06
15,14:12:06
16,14:12:06
15,14:12:06
17,14:12:06
15,14:12:06
15,14:12:06
15,14:12:07
14,14:12:07
15,14:12:07
15,14:12:07
15,14:12:07
15,14:12:07
15,14:12:07
15,14:12:07
14,14:12:07
15,14:12:07
15,14:12:07
16,14:12:07
14,14:12:07
15,14:12:07
15,14:12:07
14,14:12:07
16,14:12:07
15,14:12:07
14,14:12:07
15,14:12:07
15,14:12:07
15,14:12:07
15,14:12:08
14,14:12:08
15,14:12:08
16,14:12:08
15,14:12:08
17,14:12:08
15,14:12:08
16,14:12:08
14,14:12:08
15,14:12:08
15,14:12:08
15,14:12:08
14,14:12:08
14,14:12:08
15,14:12:08
14,14:12:08
13,14:12:08
15,14:12:08
15,14:12:08
14,14:12:08
14,14:12:08
14,14:12:08
14,14:12:08
14,14:12:08
14,14:12:09
16,14:12:09
15,14:12:09
15,14:12:09
15,14:12:09
16,14:12:09
15,14:12:09
14,14:12:09
14,14:12:09
14,14:12:09
15,14:12:09
15,14:12:09
15,14:12:09
15,14:12:09
14,14:12:09
15,14:12:09
14,14:12:09
16,14:12:09
14,14:12:09
13,14:12:09
14,14:12:09
14,14:12:09
15,14:12:09
14,14:12:10
14,14:12:10
16,14:12:10
14,14:12:10
16,14:12:10
15,14:12:10
14,14:12:10
14,14:12:10
14,14:12:10
15,14:12:10
15,14:12:10
15,14:12:10
14,14:12:10
14,14:12:10
15,14:12:10
14,14:12:10
15,14:12:10
14,14:12:10
14,14:12:10
15,14:12:10
15,14:12:10
14,14:12:10
15,14:12:10
14,14:12:11
14,14:12:11
14,14:12:11
15,14:12:11
15,14:12:11
14,14:12:11
14,14:12:11
14,14:12:11
15,14:12:11
15,14:12:11
15,14:12:11
14,14:12:11
16,14:12:11
13,14:12:11
14,14:12:11
15,14:12:11
14,14:12:11
14,14:12:11
16,14:12:11
15,14:12:11
15,14:12:11
16,14:12:11
15,14:12:11
14,14:12:11
15,14:12:11
15,14:12:12
15,14:12:12
15,14:12:12
14,14:12:12
15,14:12:12
14,14:12:12
15,14:12:12
13,14:12:12
15,14:12:12
15,14:12:12
16,14:12:12
14,14:12:12
14,14:12:12
14,14:12:12
15,14:12:12
14,14:12:12
15,14:12:12
15,14:12:12
14,14:12:12
14,14:12:12
14,14:12:12
14,14:12:13
14,14:12:13
15,14:12:13
14,14:12:13
14,14:12:13
14,14:12:13
15,14:12:13
14,14:12:13
14,14:12:13
15,14:12:13
14,14:12:13
15,14:12:13
14,14:12:13
14,14:12:13
15,14:12:13
15,14:12:13
15,14:12:13
14,14:12:13
13,14:12:13
14,14:12:13
14,14:12:13
14,14:12:13
14,14:12:13
15,14:12:13
15,14:12:14
14,14:12:14
15,14:12:14
15,14:12:14
15,14:12:14
15,14:12:14
15,14:12:14
14,14:12:14
15,14:12:14
15,14:12:14
15,14:12:14
15,14:12:14
14,14:12:14
14,14:12:14
14,14:12:14
14,14:12:14
14,14:12:14
15,14:12:14
13,14:12:14
13,14:12:14
14,14:12:14
14,14:12:14
14,14:12:14
14,14:12:15
14,14:12:15
13,14:12:15
13,14:12:15
14,14:12:15
14,14:12:15
16,14:12:15
15,14:12:15
15,14:12:15
14,14:12:15
13,14:12:15
14,14:12:15
14,14:12:15
14,14:12:15
13,14:12:15
14,14:12:15
14,14:12:15
15,14:12:15
14,14:12:15
14,14:12:15
15,14:12:15
14,14:12:15
15,14:12:16
14,14:12:16
14,14:12:16
15,14:12:16
15,14:12:16
15,14:12:16
14,14:12:16
15,14:12:16
15,14:12:16
14,14:12:16
15,14:12:16
15,14:12:16
15,14:12:16
15,14:12:16
14,14:12:16
15,14:12:16
15,14:12:16
14,14:12:16
15,14:12:16
15,14:12:16
15,14:12:16
14,14:12:16
15,14:12:16
15,14:12:17
14,14:12:17
15,14:12:17
15,14:12:17
14,14:12:17
14,14:12:17
15,14:12:17
14,14:12:17
15,14:12:17
15,14:12:17
15,14:12:17
14,14:12:17
15,14:12:17
14,14:12:17
14,14:12:17
14,14:12:17
15,14:12:17
14,14:12:17
14,14:12:17
15,14:12:17
15,14:12:17
14,14:12:17
14,14:12:17
14,14:12:18
14,14:12:18
15,14:12:18
15,14:12:18
14,14:12:18
14,14:12:18
15,14:12:18
14,14:12:18
14,14:12:18
14,14:12:18
15,14:12:18
14,14:12:18
14,14:12:18
14,14:12:18
15,14:12:18
14,14:12:18
14,14:12:18
15,14:12:18
14,14:12:18
14,14:12:18
15,14:12:18
14,14:12:18
13,14:12:18
14,14:12:19
15,14:12:19
15,14:12:19
14,14:12:19
15,14:12:19
15,14:12:19
14,14:12:19
14,14:12:19
15,14:12:19
15,14:12:19
15,14:12:19
15,14:12:19
15,14:12:19
14,14:12:19
15,14:12:19
15,14:12:19
15,14:12:19
14,14:12:19
15,14:12:19
14,14:12:19
15,14:12:19
14,14:12:19
14,14:12:20
14,14:12:20
15,14:12:20
15,14:12:20
14,14:12:20
14,14:12:20
15,14:12:20
15,14:12:20
15,14:12:20
14,14:12:20
15,14:12:20
15,14:12:20
15,14:12:20
14,14:12:20
14,14:12:20
14,14:12:20
15,14:12:20
14,14:12:20
14,14:12:20
15,14:12:20
13,14:12:20
15,14:12:21
14,14:12:21
14,14:12:21
14,14:12:21
14,14:12:21
13,14:12:21
15,14:12:21
14,14:12:21
14,14:12:21
14,14:12:21
14,14:12:21
15,14:12:21
14,14:12:21
14,14:12:21
15,14:12:21
15,14:12:21
14,14:12:21
15,14:12:21
15,14:12:21
13,14:12:21
15,14:12:21
14,14:12:21
13,14:12:21
15,14:12:21
14,14:12:22
13,14:12:22
14,14:12:22
14,14:12:22
13,14:12:22
14,14:12:22
15,14:12:22
14,14:12:22
15,14:12:22
15,14:12:22
14,14:12:22
14,14:12:22
13,14:12:22
15,14:12:22
14,14:12:22
14,14:12:22
14,14:12:22
14,14:12:22
14,14:12:22
15,14:12:22
15,14:12:22
15,14:12:22
15,14:12:22
15,14:12:23
15,14:12:23
15,14:12:23
15,14:12:23
15,14:12:23
15,14:12:23
14,14:12:23
15,14:12:23
14,14:12:23
15,14:12:23
15,14:12:23
15,14:12:23
15,14:12:23
14,14:12:23
14,14:12:23
14,14:12:23
14,14:12:23
14,14:12:23
14,14:12:23
13,14:12:23
13,14:12:23
15,14:12:23
15,14:12:23
14,14:12:24
14,14:12:24
14,14:12:24
15,14:12:24
14,14:12:24
14,14:12:24
13,14:12:24
15,14:12:24
14,14:12:24
14,14:12:24
13,14:12:24
14,14:12:24
15,14:12:24
14,14:12:24
14,14:12:24
14,14:12:24
15,14:12:24
14,14:12:24
15,14:12:24
15,14:12:24
15,14:12:24
14,14:12:24
14,14:12:24
14,14:12:24
15,14:12:25
14,14:12:25
15,14:12:25
15,14:12:25
14,14:12:25
15,14:12:25
15,14:12:25
15,14:12:25
15,14:12:25
14,14:12:25
15,14:12:25
15,14:12:25
13,14:12:25
13,14:12:25
15,14:12:25
15,14:12:25
15,14:12:25
14,14:12:25
13,14:12:25
14,14:12:25
15,14:12:25
15,14:12:26
14,14:12:26
14,14:12:26
15,14:12:26
14,14:12:26
16,14:12:26
14,14:12:26
14,14:12:26
14,14:12:26
15,14:12:26
14,14:12:26
13,14:12:26
14,14:12:26
15,14:12:26
13,14:12:26
14,14:12:26
14,14:12:26
14,14:12:26
15,14:12:26
15,14:12:26
14,14:12:26
14,14:12:26
14,14:12:26
15,14:12:27
15,14:12:27
13,14:12:27
14,14:12:27
16,14:12:27
14,14:12:27
15,14:12:27
15,14:12:27
15,14:12:27
14,14:12:27
14,14:12:27
15,14:12:27
15,14:12:27
14,14:12:27
15,14:12:27
15,14:12:27
15,14:12:27
15,14:12:27
14,14:12:27
14,14:12:27
15,14:12:27
15,14:12:27
14,14:12:27
15,14:12:28
15,14:12:28
15,14:12:28
15,14:12:28
15,14:12:28
15,14:12:28
15,14:12:28
16,14:12:28
15,14:12:28
15,14:12:28
15,14:12:28
15,14:12:28
15,14:12:28
15,14:12:28
15,14:12:28
15,14:12:28
16,14:12:28
17,14:12:28
15,14:12:28
15,14:12:28
15,14:12:28
16,14:12:28
15,14:12:29
15,14:12:29
17,14:12:29
16,14:12:29
16,14:12:29
16,14:12:29
15,14:12:29
16,14:12:29
15,14:12:29
17,14:12:29
15,14:12:29
15,14:12:29
17,14:12:29
18,14:12:29
18,14:12:29
18,14:12:29
17,14:12:29
18,14:12:29
18,14:12:29
17,14:12:29
17,14:12:29
17,14:12:29
16,14:12:29
17,14:12:29
16,14:12:30
16,14:12:30
16,14:12:30
15,14:12:30
16,14:12:30
16,14:12:30
16,14:12:30
16,14:12:30
15,14:12:30
16,14:12:30
15,14:12:30
15,14:12:30
16,14:12:30
15,14:12:30
17,14:12:30
15,14:12:30
16,14:12:30
15,14:12:30
16,14:12:30
16,14:12:30
15,14:12:30
16,14:12:30
16,14:12:30
16,14:12:31
16,14:12:31
15,14:12:31
16,14:12:31
16,14:12:31
15,14:12:31
15,14:12:31
16,14:12:31
16,14:12:31
15,14:12:31
17,14:12:31
15,14:12:31
16,14:12:31
15,14:12:31
15,14:12:31
15,14:12:31
15,14:12:31
15,14:12:31
15,14:12:31
16,14:12:31
16,14:12:31
15,14:12:31
15,14:12:31
15,14:12:32
16,14:12:32
15,14:12:32
17,14:12:32
15,14:12:32
16,14:12:32
16,14:12:32
16,14:12:32
15,14:12:32
17,14:12:32
16,14:12:32
15,14:12:32
16,14:12:32
15,14:12:32
16,14:12:32
15,14:12:32
16,14:12:32
15,14:12:32
16,14:12:32
15,14:12:32
16,14:12:32
16,14:12:32
17,14:12:32
15,14:12:33
15,14:12:33
16,14:12:33
15,14:12:33
16,14:12:33
15,14:12:33
16,14:12:33
16,14:12:33
16,14:12:33
15,14:12:33
15,14:12:33
15,14:12:33
15,14:12:33
16,14:12:33
15,14:12:33
15,14:12:33
15,14:12:33
15,14:12:33
15,14:12:33
16,14:12:33
15,14:12:33
15,14:12:33
16,14:12:34
15,14:12:34
15,14:12:34
15,14:12:34
15,14:12:34
15,14:12:34
15,14:12:34
15,14:12:34
16,14:12:34
15,14:12:34
15,14:12:34
15,14:12:34
15,14:12:34
16,14:12:34
15,14:12:34
16,14:12:34
16,14:12:34
15,14:12:34
15,14:12:34
15,14:12:34
15,14:12:34
16,14:12:34
15,14:12:35
15,14:12:35
16,14:12:35
17,14:12:35
15,14:12:35
16,14:12:35
16,14:12:35
17,14:12:35
15,14:12:35
16,14:12:35
15,14:12:35
15,14:12:35
16,14:12:35
15,14:12:35
15,14:12:35
16,14:12:35
15,14:12:35
15,14:12:35
15,14:12:35
15,14:12:35
15,14:12:35
15,14:12:35
15,14:12:35
15,14:12:35
15,14:12:36
15,14:12:36
15,14:12:36
15,14:12:36
15,14:12:36
16,14:12:36
15,14:12:36
16,14:12:36
15,14:12:36
15,14:12:36
15,14:12:36
15,14:12:36
16,14:12:36
15,14:12:36
15,14:12:36
15,14:12:36
16,14:12:36
17,14:12:36
16,14:12:36
17,14:12:36
17,14:12:36
16,14:12:36
16,14:12:37
15,14:12:37
16,14:12:37
15,14:12:37
15,14:12:37
15,14:12:37
16,14:12:37
16,14:12:37
15,14:12:37
15,14:12:37
17,14:12:37
16,14:12:37
15,14:12:37
15,14:12:37
15,14:12:37
15,14:12:37
15,14:12:37
15,14:12:37
15,14:12:37
15,14:12:37
15,14:12:37
16,14:12:37
15,14:12:37
16,14:12:38
15,14:12:38
15,14:12:38
16,14:12:38
15,14:12:38
15,14:12:38
15,14:12:38
17,14:12:38
15,14:12:38
15,14:12:38
16,14:12:38
16,14:12:38
15,14:12:38
15,14:12:38
15,14:12:38
15,14:12:38
15,14:12:38
15,14:12:38
16,14:12:38
15,14:12:38
16,14:12:38
15,14:12:38
15,14:12:38
15,14:12:38
15,14:12:39
15,14:12:39
16,14:12:39
15,14:12:39
15,14:12:39
15,14:12:39
15,14:12:39
16,14:12:39
15,14:12:39
16,14:12:39
15,14:12:39
15,14:12:39
15,14:12:39
15,14:12:39
15,14:12:39
16,14:12:39
15,14:12:39
15,14:12:39
15,14:12:39
15,14:12:39
15,14:12:40
15,14:12:40
15,14:12:40
16,14:12:40
15,14:12:40
17,14:12:40
16,14:12:40
16,14:12:40
16,14:12:40
18,14:12:40
18,14:12:40
18,14:12:40
21,14:12:40
17,14:12:40
21,14:12:40
22,14:12:40
22,14:12:40
22,14:12:40
24,14:12:40
24,14:12:40
24,14:12:40
15,14:12:40
16,14:12:40
16,14:12:41
16,14:12:41
16,14:12:41
16,14:12:41
17,14:12:41
16,14:12:41
16,14:12:41
16,14:12:41
16,14:12:41
17,14:12:41
16,14:12:41
16,14:12:41
16,14:12:41
16,14:12:41
16,14:12:41
15,14:12:41
15,14:12:41
15,14:12:41
15,14:12:41
15,14:12:41
15,14:12:41
16,14:12:41
16,14:12:41
16,14:12:42
15,14:12:42
16,14:12:42
22,14:12:42
24,14:12:42
24,14:12:42
24,14:12:42
24,14:12:42
23,14:12:42
19,14:12:42
19,14:12:42
21,14:12:42
21,14:12:42
18,14:12:42
15,14:12:42
15,14:12:42
16,14:12:42
14,14:12:42
14,14:12:42
18,14:12:43
16,14:12:43
16,14:12:43
18,14:12:43
16,14:12:43
16,14:12:43
17,14:12:43
19,14:12:43
18,14:12:43
17,14:12:43
16,14:12:43
16,14:12:43
15,14:12:43
15,14:12:43
15,14:12:43
16,14:12:43
16,14:12:43
22,14:12:43
16,14:12:43
16,14:12:43
17,14:12:44
18,14:12:44
18,14:12:44
19,14:12:44
27,14:12:44
27,14:12:44
27,14:12:44
27,14:12:44
28,14:12:44
23,14:12:45
25,14:12:45
19,14:12:45
20,14:12:45
19,14:12:45
19,14:12:45
20,14:12:45
19,14:12:45
19,14:12:45
19,14:12:45
20,14:12:45
19,14:12:45
19,14:12:45
19,14:12:45
19,14:12:45
19,14:12:45
19,14:12:45
19,14:12:46
19,14:12:46
19,14:12:46
19,14:12:46
19,14:12:46
19,14:12:46
18,14:12:46
19,14:12:46
19,14:12:46
19,14:12:46
19,14:12:46
18,14:12:46
18,14:12:46
18,14:12:46
18,14:12:46
18,14:12:46
18,14:12:46
18,14:12:46
18,14:12:46
18,14:12:46
18,14:12:47
18,14:12:47
18,14:12:47
18,14:12:47
19,14:12:47
18,14:12:47
18,14:12:47
18,14:12:47
18,14:12:47
18,14:12:47
19,14:12:47
18,14:12:47
19,14:12:47
18,14:12:47
18,14:12:47
18,14:12:47
18,14:12:47
18,14:12:47
17,14:12:47
17,14:12:47
17,14:12:48
17,14:12:48
18,14:12:48
18,14:12:48
17,14:12:48
19,14:12:48
18,14:12:48
19,14:12:48
18,14:12:48
18,14:12:48
16,14:12:48
16,14:12:48
16,14:12:48
16,14:12:48
15,14:12:48
16,14:12:48
16,14:12:48
15,14:12:48
16,14:12:48
15,14:12:48
15,14:12:48
15,14:12:48
15,14:12:49
15,14:12:49
15,14:12:49
15,14:12:49
14,14:12:49
15,14:12:49
15,14:12:49
15,14:12:49
15,14:12:49
15,14:12:49
15,14:12:49
15,14:12:49
15,14:12:49
15,14:12:49
15,14:12:49
15,14:12:49
16,14:12:49
15,14:12:49
16,14:12:49
16,14:12:49
15,14:12:49
16,14:12:50
16,14:12:50
16,14:12:50
17,14:12:50
17,14:12:50
17,14:12:50
18,14:12:50
17,14:12:50
17,14:12:50
17,14:12:50
17,14:12:50
18,14:12:50
18,14:12:50
17,14:12:50
17,14:12:50
17,14:12:50
18,14:12:50
17,14:12:50
16,14:12:50
16,14:12:50
16,14:12:50
16,14:12:51
16,14:12:51
16,14:12:51
16,14:12:51
16,14:12:51
16,14:12:51
16,14:12:51
16,14:12:51
16,14:12:51
15,14:12:51
16,14:12:51
16,14:12:51
15,14:12:51
15,14:12:51
15,14:12:51
16,14:12:51
16,14:12:51
16,14:12:51
16,14:12:51
15,14:12:51
16,14:12:51
15,14:12:51
15,14:12:52
15,14:12:52
15,14:12:52
15,14:12:52
15,14:12:52
15,14:12:52
16,14:12:52
15,14:12:52
15,14:12:52
16,14:12:52
16,14:12:52
16,14:12:52
16,14:12:52
16,14:12:52
16,14:12:52
15,14:12:52
15,14:12:52
15,14:12:52
15,14:12:52
15,14:12:52
15,14:12:52
16,14:12:52
15,14:12:52
16,14:12:53
15,14:12:53
16,14:12:53
16,14:12:53
15,14:12:53
16,14:12:53
15,14:12:53
15,14:12:53
15,14:12:53
15,14:12:53
15,14:12:53
15,14:12:53
15,14:12:53
16,14:12:53
15,14:12:53
16,14:12:53
15,14:12:53
16,14:12:53
15,14:12:53
15,14:12:53
15,14:12:53
16,14:12:53
15,14:12:53
15,14:12:54
16,14:12:54
15,14:12:54
14,14:12:54
15,14:12:54
15,14:12:54
15,14:12:54
15,14:12:54
15,14:12:54
15,14:12:54
15,14:12:54
15,14:12:54
15,14:12:54
15,14:12:54
15,14:12:54
15,14:12:54
15,14:12:54
15,14:12:54
15,14:12:54
15,14:12:54
16,14:12:54
15,14:12:54
15,14:12:54
15,14:12:55
14,14:12:55
15,14:12:55
15,14:12:55
15,14:12:55
14,14:12:55
15,14:12:55
14,14:12:55
14,14:12:55
15,14:12:55
15,14:12:55
15,14:12:55
15,14:12:55
15,14:12:55
15,14:12:55
15,14:12:55
15,14:12:55
15,14:12:55
15,14:12:55
15,14:12:55
16,14:12:56
15,14:12:56
14,14:12:56
15,14:12:56
15,14:12:56
15,14:12:56
15,14:12:56
15,14:12:56
15,14:12:56
15,14:12:56
15,14:12:56
15,14:12:56
15,14:12:56
15,14:12:56
15,14:12:56
15,14:12:56
15,14:12:56
15,14:12:56
15,14:12:56
15,14:12:56
16,14:12:56
16,14:12:56
15,14:12:56
15,14:12:57
15,14:12:57
15,14:12:57
15,14:12:57
15,14:12:57
15,14:12:57
16,14:12:57
16,14:12:57
15,14:12:57
15,14:12:57
15,14:12:57
15,14:12:57
15,14:12:57
15,14:12:57
15,14:12:57
15,14:12:57
15,14:12:57
15,14:12:57
15,14:12:57
15,14:12:57
15,14:12:57
16,14:12:57
15,14:12:57
16,14:12:58
16,14:12:58
15,14:12:58
16,14:12:58
17,14:12:58
16,14:12:58
16,14:12:58
15,14:12:58
15,14:12:58
16,14:12:58
16,14:12:58
18,14:12:58
16,14:12:58
15,14:12:58
15,14:12:58
16,14:12:58
16,14:12:58
15,14:12:58
17,14:12:58
16,14:12:58
16,14:12:58
15,14:12:59
16,14:12:59
17,14:12:59
15,14:12:59
16,14:12:59
18,14:12:59
16,14:12:59
16,14:12:59
15,14:12:59
15,14:12:59
15,14:12:59
15,14:12:59
15,14:12:59
15,14:12:59
15,14:12:59
15,14:12:59
15,14:12:59
15,14:12:59
16,14:12:59
16,14:12:59
15,14:12:59
15,14:12:59
16,14:13:00
15,14:13:00
15,14:13:00
15,14:13:00
15,14:13:00
15,14:13:00
15,14:13:00
15,14:13:00
15,14:13:00
15,14:13:00
15,14:13:00
15,14:13:00
15,14:13:00
16,14:13:00
15,14:13:00
15,14:13:00
15,14:13:00
15,14:13:00
15,14:13:00
15,14:13:00
15,14:13:00
15,14:13:00
15,14:13:00
15,14:13:01
16,14:13:01
16,14:13:01
15,14:13:01
15,14:13:01
15,14:13:01
15,14:13:01
15,14:13:01
15,14:13:01
15,14:13:01
15,14:13:01
15,14:13:01
15,14:13:01
15,14:13:01
15,14:13:01
15,14:13:01
15,14:13:01
15,14:13:01
15,14:13:01
15,14:13:01
15,14:13:02
15,14:13:02
15,14:13:02
15,14:13:02
15,14:13:02
16,14:13:02
15,14:13:02
15,14:13:02
16,14:13:02
16,14:13:02
15,14:13:02
15,14:13:02
15,14:13:02
15,14:13:02
15,14:13:02
15,14:13:02
16,14:13:02
15,14:13:02
15,14:13:02
15,14:13:02
15,14:13:03
15,14:13:03
15,14:13:03
15,14:13:03
15,14:13:03
16,14:13:03
15,14:13:03
15,14:13:03
15,14:13:03
15,14:13:03
15,14:13:03
15,14:13:03
15,14:13:03
15,14:13:03
15,14:13:03
15,14:13:03
15,14:13:03
15,14:13:03
16,14:13:03
15,14:13:03
15,14:13:04
15,14:13:04
15,14:13:04
15,14:13:04
15,14:13:04
15,14:13:04
15,14:13:04
15,14:13:04
15,14:13:04
15,14:13:04
15,14:13:04
15,14:13:04
15,14:13:04
15,14:13:04
15,14:13:04
16,14:13:04
15,14:13:04
16,14:13:04
16,14:13:04
16,14:13:04
16,14:13:04
16,14:13:05
16,14:13:05
16,14:13:05
16,14:13:05
16,14:13:05
16,14:13:05
16,14:13:05
16,14:13:05
16,14:13:05
18,14:13:05
17,14:13:05
16,14:13:05
17,14:13:05
16,14:13:05
16,14:13:05
17,14:13:05
16,14:13:05
18,14:13:05
17,14:13:05
18,14:13:05
17,14:13:06
19,14:13:06
19,14:13:06
19,14:13:06
19,14:13:06
19,14:13:06
19,14:13:06
19,14:13:06
19,14:13:06
17,14:13:06
17,14:13:06
18,14:13:06
18,14:13:06
18,14:13:06
18,14:13:06
18,14:13:06
18,14:13:06
16,14:13:06
16,14:13:06
16,14:13:06
16,14:13:07
15,14:13:07
16,14:13:07
15,14:13:07
15,14:13:07
15,14:13:07
15,14:13:07
15,14:13:07
15,14:13:07
15,14:13:07
15,14:13:07
15,14:13:07
15,14:13:07
15,14:13:07
15,14:13:07
15,14:13:07
15,14:13:07
15,14:13:07
16,14:13:07
16,14:13:07
16,14:13:07
16,14:13:07
16,14:13:08
16,14:13:08
16,14:13:08
16,14:13:08
15,14:13:08
15,14:13:08
15,14:13:08
15,14:13:08
16,14:13:08
17,14:13:08
16,14:13:08
17,14:13:08
17,14:13:08
17,14:13:08
17,14:13:08
18,14:13:08
16,14:13:08
16,14:13:08
16,14:13:08
19,14:13:08
19,14:13:08
18,14:13:08
18,14:13:08
19,14:13:09
20,14:13:09
19,14:13:09
11,14:13:09
11,14:13:09
11,14:13:09
10,14:13:09
10,14:13:09
12,14:13:09
17,14:13:09
17,14:13:09
17,14:13:09
17,14:13:09
11,14:13:09
11,14:13:09
11,14:13:09
12,14:13:09
11,14:13:09
12,14:13:09
11,14:13:09
11,14:13:10
11,14:13:10
11,14:13:10
11,14:13:10
12,14:13:10
12,14:13:10
16,14:13:10
17,14:13:10
18,14:13:10
16,14:13:10
17,14:13:10
17,14:13:10
18,14:13:10
18,14:13:10
18,14:13:10
18,14:13:10
18,14:13:10
18,14:13:10
18,14:13:10
19,14:13:10
19,14:13:10
19,14:13:11
19,14:13:11
19,14:13:11
19,14:13:11
19,14:13:11
19,14:13:11
19,14:13:11
19,14:13:11
19,14:13:11
19,14:13:11
19,14:13:11
19,14:13:11
19,14:13:11
19,14:13:11
19,14:13:11
19,14:13:11
19,14:13:11
19,14:13:11
19,14:13:11
19,14:13:11
19,14:13:11
19,14:13:11
19,14:13:11
19,14:13:11
19,14:13:12
19,14:13:12
19,14:13:12
19,14:13:12
19,14:13:12
19,14:13:12
19,14:13:12
19,14:13:12
19,14:13:12
19,14:13:12
19,14:13:12
19,14:13:12
19,14:13:12
19,14:13:12
19,14:13:12
19,14:13:12
19,14:13:12
19,14:13:12
19,14:13:12
19,14:13:12
19,14:13:12
19,14:13:12
19,14:13:13
19,14:13:13
19,14:13:13
19,14:13:13
20,14:13:13
19,14:13:13
19,14:13:13
19,14:13:13
19,14:13:13
19,14:13:13
19,14:13:13
19,14:13:13
19,14:13:13
19,14:13:13
19,14:13:13
19,14:13:13
19,14:13:13
19,14:13:13
18,14:13:13
18,14:13:13
18,14:13:13
19,14:13:14
18,14:13:14
17,14:13:14
17,14:13:14
18,14:13:14
18,14:13:14
18,14:13:14
21,14:13:14
21,14:13:14
21,14:13:14
18,14:13:14
19,14:13:14
21,14:13:14
20,14:13:14
21,14:13:14
20,14:13:14
21,14:13:14
21,14:13:14
21,14:13:14
21,14:13:14
21,14:13:14
21,14:13:14
21,14:13:15
20,14:13:15
20,14:13:15
19,14:13:15
19,14:13:15
19,14:13:15
19,14:13:15
20,14:13:15
20,14:13:15
19,14:13:15
20,14:13:15
19,14:13:15
20,14:13:15
20,14:13:15
19,14:13:15
20,14:13:15
20,14:13:15
19,14:13:15
20,14:13:15
20,14:13:15
20,14:13:15
19,14:13:15
19,14:13:16
19,14:13:16
19,14:13:16
20,14:13:16
19,14:13:16
21,14:13:16
21,14:13:16
21,14:13:16
19,14:13:16
19,14:13:16
19,14:13:16
19,14:13:16
20,14:13:16
19,14:13:16
19,14:13:16
20,14:13:16
19,14:13:16
19,14:13:16
20,14:13:16
21,14:13:16
20,14:13:17
20,14:13:17
20,14:13:17
20,14:13:17
20,14:13:17
19,14:13:17
20,14:13:17
19,14:13:17
20,14:13:17
19,14:13:17
19,14:13:17
19,14:13:17
19,14:13:17
18,14:13:17
19,14:13:17
19,14:13:17
19,14:13:17
18,14:13:17
18,14:13:17
18,14:13:17
18,14:13:18
18,14:13:18
16,14:13:18
16,14:13:18
16,14:13:18
16,14:13:18
16,14:13:18
16,14:13:18
21,14:13:18
16,14:13:18
21,14:13:18
16,14:13:18
16,14:13:18
16,14:13:18
16,14:13:18
16,14:13:18
16,14:13:18
16,14:13:18
16,14:13:18
19,14:13:18
16,14:13:18
17,14:13:19
17,14:13:19
17,14:13:19
16,14:13:19
16,14:13:19
19,14:13:19
18,14:13:19
19,14:13:19
18,14:13:19
17,14:13:19
17,14:13:19
19,14:13:19
18,14:13:19
19,14:13:19
18,14:13:19
19,14:13:19
19,14:13:19
12,14:13:19
11,14:13:19
13,14:13:19
13,14:13:19
15,14:13:19
14,14:13:19
14,14:13:20
15,14:13:20
15,14:13:20
14,14:13:20
15,14:13:20
15,14:13:20
15,14:13:20
15,14:13:20
15,14:13:20
16,14:13:20
16,14:13:20
15,14:13:20
20,14:13:20
16,14:13:20
15,14:13:20
20,14:13:20
21,14:13:20
20,14:13:20
20,14:13:20
16,14:13:20
21,14:13:20
18,14:13:21
16,14:13:21
20,14:13:21
14,14:13:21
18,14:13:21
19,14:13:21
15,14:13:21
19,14:13:21
20,14:13:21
19,14:13:21
19,14:13:21
19,14:13:21
19,14:13:21
19,14:13:21
20,14:13:21
19,14:13:21
19,14:13:21
20,14:13:21
19,14:13:21
19,14:13:21
19,14:13:22
19,14:13:22
19,14:13:22
20,14:13:22
19,14:13:22
19,14:13:22
19,14:13:22
19,14:13:22
20,14:13:22
19,14:13:22
20,14:13:22
19,14:13:22
20,14:13:22
20,14:13:22
19,14:13:22
19,14:13:22
20,14:13:22
19,14:13:22
19,14:13:22
21,14:13:23
19,14:13:23
19,14:13:23
19,14:13:23
19,14:13:23
20,14:13:23
19,14:13:23
20,14:13:23
19,14:13:23
20,14:13:23
19,14:13:23
19,14:13:23
19,14:13:23
20,14:13:23
19,14:13:23
19,14:13:23
20,14:13:23
20,14:13:23
19,14:13:23
20,14:13:23
20,14:13:23
20,14:13:23
19,14:13:23
19,14:13:24
19,14:13:24
19,14:13:24
19,14:13:24
19,14:13:24
20,14:13:24
19,14:13:24
19,14:13:24
19,14:13:24
19,14:13:24
19,14:13:24
19,14:13:24
19,14:13:24
20,14:13:24
20,14:13:24
19,14:13:24
19,14:13:24
19,14:13:24
20,14:13:24
19,14:13:25
20,14:13:25
20,14:13:25
21,14:13:25
19,14:13:25
20,14:13:25
20,14:13:25
19,14:13:25
20,14:13:25
20,14:13:25
20,14:13:25
20,14:13:25
20,14:13:25
19,14:13:25
19,14:13:25
20,14:13:25
20,14:13:25
20,14:13:25
20,14:13:25
20,14:13:25
19,14:13:25
19,14:13:25
19,14:13:25
19,14:13:26
19,14:13:26
19,14:13:26
19,14:13:26
16,14:13:26
16,14:13:26
15,14:13:26
16,14:13:26
15,14:13:26
16,14:13:26
16,14:13:26
15,14:13:26
15,14:13:26
15,14:13:26
15,14:13:26
15,14:13:26
16,14:13:26
16,14:13:26
16,14:13:26
16,14:13:26
15,14:13:26
13,14:13:26
14,14:13:27
15,14:13:27
14,14:13:27
13,14:13:27
15,14:13:27
16,14:13:27
16,14:13:27
15,14:13:27
16,14:13:27
16,14:13:27
16,14:13:27
15,14:13:27
15,14:13:27
15,14:13:27
15,14:13:27
16,14:13:27
15,14:13:27
15,14:13:27
15,14:13:27
15,14:13:27
15,14:13:28
15,14:13:28
16,14:13:28
15,14:13:28
16,14:13:28
15,14:13:28
16,14:13:28
15,14:13:28
15,14:13:28
16,14:13:28
15,14:13:28
16,14:13:28
15,14:13:28
15,14:13:28
15,14:13:28
16,14:13:28
16,14:13:28
16,14:13:28
15,14:13:28
15,14:13:28
15,14:13:29
16,14:13:29
15,14:13:29
15,14:13:29
16,14:13:29
16,14:13:29
16,14:13:29
15,14:13:29
16,14:13:29
15,14:13:29
15,14:13:29
15,14:13:29
16,14:13:29
16,14:13:29
16,14:13:29
15,14:13:29
16,14:13:29
16,14:13:29
16,14:13:29
15,14:13:29
15,14:13:29
16,14:13:29
16,14:13:29
16,14:13:30
16,14:13:30
15,14:13:30
15,14:13:30
16,14:13:30
16,14:13:30
16,14:13:30
15,14:13:30
16,14:13:30
17,14:13:30
16,14:13:30
15,14:13:30
16,14:13:30
16,14:13:30
16,14:13:30
16,14:13:30
16,14:13:30
15,14:13:30
16,14:13:30
16,14:13:30
16,14:13:30
16,14:13:30
16,14:13:30
16,14:13:31
16,14:13:31
17,14:13:31
18,14:13:31
16,14:13:31
20,14:13:31
18,14:13:31
20,14:13:31
16,14:13:31
16,14:13:31
20,14:13:31
16,14:13:31
16,14:13:31
16,14:13:31
18,14:13:31
17,14:13:31
16,14:13:31
17,14:13:31
16,14:13:31
18,14:13:31
16,14:13:32
17,14:13:32
18,14:13:32
17,14:13:32
18,14:13:32
21,14:13:32
15,14:13:32
17,14:13:32
21,14:13:32
18,14:13:32
16,14:13:32
16,14:13:32
20,14:13:32
20,14:13:32
18,14:13:32
20,14:13:32
20,14:13:32
20,14:13:32
20,14:13:32
20,14:13:33
20,14:13:33
21,14:13:33
20,14:13:33
20,14:13:33
20,14:13:33
20,14:13:33
20,14:13:33
20,14:13:33
20,14:13:33
21,14:13:33
18,14:13:33
18,14:13:33
20,14:13:33
23,14:13:33
21,14:13:33
21,14:13:33
21,14:13:33
21,14:13:33
21,14:13:33
21,14:13:33
21,14:13:33
21,14:13:33
24,14:13:34
21,14:13:34
20,14:13:34
21,14:13:34
25,14:13:34
25,14:13:34
20,14:13:34
16,14:13:34
20,14:13:34
21,14:13:34
21,14:13:34
21,14:13:34
20,14:13:34
20,14:13:34
16,14:13:34
17,14:13:34
17,14:13:34
19,14:13:34
20,14:13:34
20,14:13:34
16,14:13:34
16,14:13:35
16,14:13:35
18,14:13:35
20,14:13:35
16,14:13:35
16,14:13:35
16,14:13:35
17,14:13:35
17,14:13:35
16,14:13:35
17,14:13:35
17,14:13:35
17,14:13:35
16,14:13:35
15,14:13:35
16,14:13:35
15,14:13:35
15,14:13:35
15,14:13:35
15,14:13:36
15,14:13:36
15,14:13:36
15,14:13:36
15,14:13:36
16,14:13:36
16,14:13:36
16,14:13:36
16,14:13:36
15,14:13:36
15,14:13:36
17,14:13:36
15,14:13:36
16,14:13:36
16,14:13:36
16,14:13:36
16,14:13:36
16,14:13:36
16,14:13:36
16,14:13:36
16,14:13:36
16,14:13:37
16,14:13:37
16,14:13:37
15,14:13:37
16,14:13:37
16,14:13:37
16,14:13:37
16,14:13:37
16,14:13:37
16,14:13:37
15,14:13:37
15,14:13:37
16,14:13:37
16,14:13:37
16,14:13:37
16,14:13:37
16,14:13:37
16,14:13:37
15,14:13:37
16,14:13:37
16,14:13:37
16,14:13:38
16,14:13:38
15,14:13:38
16,14:13:38
16,14:13:38
15,14:13:38
16,14:13:38
15,14:13:38
17,14:13:38
16,14:13:38
16,14:13:38
16,14:13:38
16,14:13:38
16,14:13:38
16,14:13:38
16,14:13:38
16,14:13:38
16,14:13:38
16,14:13:38
15,14:13:38
16,14:13:38
16,14:13:38
16,14:13:38
16,14:13:39
16,14:13:39
16,14:13:39
16,14:13:39
16,14:13:39
15,14:13:39
16,14:13:39
16,14:13:39
16,14:13:39
16,14:13:39
16,14:13:39
15,14:13:39
16,14:13:39
16,14:13:39
16,14:13:39
15,14:13:39
15,14:13:39
15,14:13:39
17,14:13:39
16,14:13:39
15,14:13:39
16,14:13:40
15,14:13:40
15,14:13:40
15,14:13:40
15,14:13:40
15,14:13:40
15,14:13:40
15,14:13:40
15,14:13:40
16,14:13:40
16,14:13:40
15,14:13:40
16,14:13:40
15,14:13:40
16,14:13:40
16,14:13:40
16,14:13:40
19,14:13:40
15,14:13:40
16,14:13:40
16,14:13:41
16,14:13:41
16,14:13:41
16,14:13:41
16,14:13:41
15,14:13:41
16,14:13:41
16,14:13:41
17,14:13:41
17,14:13:41
16,14:13:41
16,14:13:41
16,14:13:41
16,14:13:41
15,14:13:41
15,14:13:41
16,14:13:41
16,14:13:41
16,14:13:41
16,14:13:41
16,14:13:41
16,14:13:42
16,14:13:42
16,14:13:42
15,14:13:42
16,14:13:42
17,14:13:42
17,14:13:42
16,14:13:42
16,14:13:42
16,14:13:42
16,14:13:42
16,14:13:42
17,14:13:42
16,14:13:42
16,14:13:42
15,14:13:42
15,14:13:42
16,14:13:42
16,14:13:42
16,14:13:42
16,14:13:42
16,14:13:42
16,14:13:42
16,14:13:43
16,14:13:43
16,14:13:43
16,14:13:43
16,14:13:43
16,14:13:43
15,14:13:43
16,14:13:43
16,14:13:43
16,14:13:43
17,14:13:43
16,14:13:43
16,14:13:43
16,14:13:43
16,14:13:43
16,14:13:43
16,14:13:43
16,14:13:43
16,14:13:43
15,14:13:43
16,14:13:43
16,14:13:43
17,14:13:44
16,14:13:44
17,14:13:44
17,14:13:44
16,14:13:44
16,14:13:44
16,14:13:44
16,14:13:44
17,14:13:44
16,14:13:44
18,14:13:44
36,14:13:44
37,14:13:44
38,14:13:44
39,14:13:44
22,14:13:44
22,14:13:44
19,14:13:44
19,14:13:45
18,14:13:45
18,14:13:45
16,14:13:45
80,14:13:45
66,14:13:45
65,14:13:45
63,14:13:45
61,14:13:45
65,14:13:45
67,14:13:45
77,14:13:45
81,14:13:45
83,14:13:46
85,14:13:46
85,14:13:46
81,14:13:46
79,14:13:46
78,14:13:46
78,14:13:46
83,14:13:46
85,14:13:46
97,14:13:46
101,14:13:46
145,14:13:46
153,14:13:47
171,14:13:47
172,14:13:47
177,14:13:47
173,14:13:47
159,14:13:47
171,14:13:48
159,14:13:48
165,14:13:48
168,14:13:48
166,14:13:49
164,14:13:49
162,14:13:49
165,14:13:49
171,14:13:49
165,14:13:50
162,14:13:50
162,14:13:50
161,14:13:50
159,14:13:50
160,14:13:51
161,14:13:51
160,14:13:51
159,14:13:51
160,14:13:51
160,14:13:52
167,14:13:52
169,14:13:52
174,14:13:52
176,14:13:53
178,14:13:53
177,14:13:53
176,14:13:53
175,14:13:53
175,14:13:54
175,14:13:54
175,14:13:54
175,14:13:54
175,14:13:55
175,14:13:55
174,14:13:55
175,14:13:55
175,14:13:55
175,14:13:56
178,14:13:56
183,14:13:56
184,14:13:56
185,14:13:57
185,14:13:57
185,14:13:57
184,14:13:57
184,14:13:58
184,14:13:58
183,14:13:58
177,14:13:58
177,14:13:58
179,14:13:59
177,14:13:59
177,14:13:59
179,14:13:59
181,14:14:00
180,14:14:00
179,14:14:00
180,14:14:00
180,14:14:01
181,14:14:01
179,14:14:01
180,14:14:01
180,14:14:01
180,14:14:02
179,14:14:02
179,14:14:02
179,14:14:02
179,14:14:03
179,14:14:03
180,14:14:03
181,14:14:03
180,14:14:03
179,14:14:04
179,14:14:04
178,14:14:04
179,14:14:04
178,14:14:05
177,14:14:05
179,14:14:05
178,14:14:05
180,14:14:06
181,14:14:06
179,14:14:06
178,14:14:06
178,14:14:06
179,14:14:07
178,14:14:07
179,14:14:07
179,14:14:07
178,14:14:08
178,14:14:08
178,14:14:08
178,14:14:08
177,14:14:08
178,14:14:09
179,14:14:09
179,14:14:09
177,14:14:09
178,14:14:10
177,14:14:10
177,14:14:10
175,14:14:10
175,14:14:10
178,14:14:11
177,14:14:11
178,14:14:11
178,14:14:11
177,14:14:12
178,14:14:12
178,14:14:12
180,14:14:12
181,14:14:12
179,14:14:13
179,14:14:13
179,14:14:13
180,14:14:13
180,14:14:14
180,14:14:14
174,14:14:14
167,14:14:14
168,14:14:14
173,14:14:15
172,14:14:15
172,14:14:15
173,14:14:15
174,14:14:16
172,14:14:16
173,14:14:16
169,14:14:16
172,14:14:16
171,14:14:17
169,14:14:17
169,14:14:17
171,14:14:17
169,14:14:18
172,14:14:18
169,14:14:18
172,14:14:18
172,14:14:18
173,14:14:19
171,14:14:19
172,14:14:19
171,14:14:19
172,14:14:19
171,14:14:20
171,14:14:20
171,14:14:20
172,14:14:20
171,14:14:21
171,14:14:21
171,14:14:21
172,14:14:21
172,14:14:21
171,14:14:22
172,14:14:22
172,14:14:22
172,14:14:22
173,14:14:22
172,14:14:23
174,14:14:23
173,14:14:23
173,14:14:23
174,14:14:24
174,14:14:24
173,14:14:24
174,14:14:24
174,14:14:25
174,14:14:25
175,14:14:25
175,14:14:25
173,14:14:25
173,14:14:26
173,14:14:26
173,14:14:26
173,14:14:26
171,14:14:27
175,14:14:27
178,14:14:27
174,14:14:27
175,14:14:27
178,14:14:28
177,14:14:28
176,14:14:28
177,14:14:28
176,14:14:29
176,14:14:29
177,14:14:29
174,14:14:29
175,14:14:29
177,14:14:30
175,14:14:30
174,14:14:30
175,14:14:30
177,14:14:30
175,14:14:31
175,14:14:31
177,14:14:31
175,14:14:31
177,14:14:31
177,14:14:32
177,14:14:32
175,14:14:32
176,14:14:32
173,14:14:33
173,14:14:33
174,14:14:33
174,14:14:33
175,14:14:33
175,14:14:34
175,14:14:34
175,14:14:34
177,14:14:34
176,14:14:34
174,14:14:35
175,14:14:35
177,14:14:35
177,14:14:35
177,14:14:35
175,14:14:36
177,14:14:36
175,14:14:36
175,14:14:36
175,14:14:37
174,14:14:37
175,14:14:37
174,14:14:37
175,14:14:37
177,14:14:38
172,14:14:38
173,14:14:38
175,14:14:38
177,14:14:38
175,14:14:39
174,14:14:39
172,14:14:39
189,14:14:40
181,14:14:40
183,14:14:40
180,14:14:40
181,14:14:40
186,14:14:41
189,14:14:41
184,14:14:41
183,14:14:41
185,14:14:42
187,14:14:42
184,14:14:42
183,14:14:42
181,14:14:42
181,14:14:43
179,14:14:43
179,14:14:43
178,14:14:43
178,14:14:43
179,14:14:44
137,14:14:44
139,14:14:44
136,14:14:44
136,14:14:44
136,14:14:44
139,14:14:45
177,14:14:45
177,14:14:45
178,14:14:45
173,14:14:45
172,14:14:46
173,14:14:46
175,14:14:46
175,14:14:46
173,14:14:46
172,14:14:47
183,14:14:47
181,14:14:47
162,14:14:47
162,14:14:47
165,14:14:47
157,14:14:48
166,14:14:48
168,14:14:48
166,14:14:48
166,14:14:48
167,14:14:49
167,14:14:49
166,14:14:49
166,14:14:49
166,14:14:49
166,14:14:50
166,14:14:50
166,14:14:50
166,14:14:50
166,14:14:51
166,14:14:51
167,14:14:51
166,14:14:51
165,14:14:51
166,14:14:52
166,14:14:52
167,14:14:52
165,14:14:52
167,14:14:52
166,14:14:53
165,14:14:53
166,14:14:53
165,14:14:53
163,14:14:54
167,14:14:54
165,14:14:54
166,14:14:54
163,14:14:54
166,14:14:55
165,14:14:55
159,14:14:55
163,14:14:55
162,14:14:55
165,14:14:56
166,14:14:56
163,14:14:56
166,14:14:56
168,14:14:57
167,14:14:57
165,14:14:57
168,14:14:57
168,14:14:57
168,14:14:58
168,14:14:58
171,14:14:58
171,14:14:58
172,14:14:58
167,14:14:59
169,14:14:59
169,14:14:59
168,14:14:59
169,14:14:59
174,14:15:00
169,14:15:00
168,14:15:00
166,14:15:00
167,14:15:00
165,14:15:01
165,14:15:01
165,14:15:01
163,14:15:01
166,14:15:01
166,14:15:02
166,14:15:02
166,14:15:02
167,14:15:02
167,14:15:02
167,14:15:03
166,14:15:03
166,14:15:03
166,14:15:03
166,14:15:03
166,14:15:04
165,14:15:04
165,14:15:04
166,14:15:04
167,14:15:04
166,14:15:04
166,14:15:05
167,14:15:05
167,14:15:05
166,14:15:05
167,14:15:05
168,14:15:06
167,14:15:06
167,14:15:06
166,14:15:06
166,14:15:06
166,14:15:07
166,14:15:07
167,14:15:07
167,14:15:07
166,14:15:07
167,14:15:08
167,14:15:08
167,14:15:08
166,14:15:08
167,14:15:08
168,14:15:09
167,14:15:09
168,14:15:09
166,14:15:09
167,14:15:09
167,14:15:10
166,14:15:10
167,14:15:10
167,14:15:10
166,14:15:10
166,14:15:11
167,14:15:11
167,14:15:11
166,14:15:11
166,14:15:11
166,14:15:12
167,14:15:12
167,14:15:12
167,14:15:12
167,14:15:12
166,14:15:12
166,14:15:13
166,14:15:13
165,14:15:13
167,14:15:13
166,14:15:13
168,14:15:14
168,14:15:14
169,14:15:14
169,14:15:14
168,14:15:15
169,14:15:15
169,14:15:15
169,14:15:15
168,14:15:15
165,14:15:16
166,14:15:16
168,14:15:16
168,14:15:16
167,14:15:16
166,14:15:17
167,14:15:17
168,14:15:17
167,14:15:17
168,14:15:17
167,14:15:18
166,14:15:18
168,14:15:18
167,14:15:18
168,14:15:18
168,14:15:19
166,14:15:19
169,14:15:19
168,14:15:19
169,14:15:19
169,14:15:20
169,14:15:20
165,14:15:20
163,14:15:20
163,14:15:20
169,14:15:21
169,14:15:21
163,14:15:21
168,14:15:21
168,14:15:21
165,14:15:22
166,14:15:22
165,14:15:22
166,14:15:22
168,14:15:22
168,14:15:23
165,14:15:23
168,14:15:23
168,14:15:23
168,14:15:24
168,14:15:24
168,14:15:24
166,14:15:24
167,14:15:24
168,14:15:25
168,14:15:25
168,14:15:25
168,14:15:25
168,14:15:25
167,14:15:25
168,14:15:26
168,14:15:26
168,14:15:26
168,14:15:26
168,14:15:27
168,14:15:27
168,14:15:27
168,14:15:27
168,14:15:27
168,14:15:28
168,14:15:28
168,14:15:28
168,14:15:28
168,14:15:28
168,14:15:28
168,14:15:29
168,14:15:29
171,14:15:29
180,14:15:29
190,14:15:29
191,14:15:30
190,14:15:30
189,14:15:30
178,14:15:30
171,14:15:30
156,14:15:31
150,14:15:31
154,14:15:31
156,14:15:31
167,14:15:31
173,14:15:31
172,14:15:32
181,14:15:32
183,14:15:32
183,14:15:32
181,14:15:32
184,14:15:33
184,14:15:33
184,14:15:33
184,14:15:33
183,14:15:33
183,14:15:34
183,14:15:34
184,14:15:34
184,14:15:34
184,14:15:34
184,14:15:35
190,14:15:35
190,14:15:35
190,14:15:35
190,14:15:35
190,14:15:36
190,14:15:36
190,14:15:36
190,14:15:36
189,14:15:36
190,14:15:37
186,14:15:37
189,14:15:37
189,14:15:37
189,14:15:37
187,14:15:38
189,14:15:38
190,14:15:38
190,14:15:38
189,14:15:38
187,14:15:39
187,14:15:39
187,14:15:39
190,14:15:39
189,14:15:39
189,14:15:40
189,14:15:40
